point_id,point_type,x,y,z,horizontal_accuracy_m,vertical_accuracy_m,coordinate_frame,vertical_reference,observation_datetime,monument_description
LV-CP-01,synthetic_control,-20,-20,0,0,0,LOCAL-LAKE-VIEW-DEMO-M,DEMO-BM-01 fictional zero datum; not national MSL,,"Authored synthetic control; zero denotes exact fixture coordinates, not instrument accuracy."
LV-CP-02,synthetic_control,90,-20,0,0,0,LOCAL-LAKE-VIEW-DEMO-M,DEMO-BM-01 fictional zero datum; not national MSL,,"Authored synthetic control; zero denotes exact fixture coordinates, not instrument accuracy."
LV-CP-03,synthetic_control,185,-20,0,0,0,LOCAL-LAKE-VIEW-DEMO-M,DEMO-BM-01 fictional zero datum; not national MSL,,"Authored synthetic control; zero denotes exact fixture coordinates, not instrument accuracy."
LV-CP-04,synthetic_control,-20,90,0,0,0,LOCAL-LAKE-VIEW-DEMO-M,DEMO-BM-01 fictional zero datum; not national MSL,,"Authored synthetic control; zero denotes exact fixture coordinates, not instrument accuracy."
LV-CP-05,synthetic_control,90,90,0,0,0,LOCAL-LAKE-VIEW-DEMO-M,DEMO-BM-01 fictional zero datum; not national MSL,,"Authored synthetic control; zero denotes exact fixture coordinates, not instrument accuracy."
LV-CP-06,synthetic_control,185,90,0,0,0,LOCAL-LAKE-VIEW-DEMO-M,DEMO-BM-01 fictional zero datum; not national MSL,,"Authored synthetic control; zero denotes exact fixture coordinates, not instrument accuracy."
LV-CP-07,synthetic_control,-20,195,0,0,0,LOCAL-LAKE-VIEW-DEMO-M,DEMO-BM-01 fictional zero datum; not national MSL,,"Authored synthetic control; zero denotes exact fixture coordinates, not instrument accuracy."
LV-CP-08,synthetic_control,90,195,0,0,0,LOCAL-LAKE-VIEW-DEMO-M,DEMO-BM-01 fictional zero datum; not national MSL,,"Authored synthetic control; zero denotes exact fixture coordinates, not instrument accuracy."
LV-CP-09,synthetic_control,185,195,0,0,0,LOCAL-LAKE-VIEW-DEMO-M,DEMO-BM-01 fictional zero datum; not national MSL,,"Authored synthetic control; zero denotes exact fixture coordinates, not instrument accuracy."
