unit,level,carpet_sqft,use
Flat 801,F8,713.6,apartment
Flat 802,F8,713.6,apartment
Flat 803,F8,713.6,apartment
Flat 804,F8,713.6,apartment
Flat 805,F8,713.6,apartment
Flat 806,F8,713.6,apartment
Flat 701,F7,,apartment
Flat 702,F7,,apartment
Flat 703,F7,,apartment
Flat 704,F7,745.9,apartment
Flat 705,F7,,apartment
Flat 706,F7,,apartment
Flat 601,F6,713.6,apartment
Flat 602,F6,713.6,apartment
Flat 603,F6,713.6,apartment
Flat 604,F6,713.6,apartment
Flat 605,F6,713.6,apartment
Flat 606,F6,713.6,apartment
Flat 501,F5,713.6,apartment
Flat 502,F5,713.6,apartment
Flat 503,F5,713.6,apartment
Flat 504,F5,713.6,apartment
Flat 505,F5,713.6,apartment
Flat 506,F5,713.6,apartment
Flat 401,F4,713.6,apartment
Flat 402,F4,713.6,apartment
Flat 403,F4,713.6,apartment
Flat 404,F4,713.6,apartment
Flat 405,F4,713.6,apartment
Flat 406,F4,713.6,apartment
Flat 301,F3,713.6,apartment
Flat 302,F3,713.6,apartment
Flat 303,F3,713.6,apartment
Flat 304,F3,713.6,apartment
Flat 305,F3,713.6,apartment
Flat 306,F3,713.6,apartment
Flat 201,F2,713.6,apartment
Flat 202,F2,713.6,apartment
Flat 203,F2,713.6,apartment
Flat 204,F2,713.6,apartment
Flat 205,F2,713.6,apartment
Flat 206,F2,713.6,apartment
Flat 101,F1,713.6,apartment
Flat 102,F1,713.6,apartment
Flat 103,F1,713.6,apartment
Flat 104,F1,713.6,apartment
Flat 105,F1,713.6,apartment
Flat 106,F1,713.6,apartment
