right_id,object_id,party_id,right_type,document_path,classification
LV-RIGHT-B01,B01,LV-PARTY-B01,ownership,records/fictional-property-schedule.pdf,synthetic
LV-RIGHT-B02,B02,LV-PARTY-B02,ownership,records/fictional-property-schedule.pdf,synthetic
LV-RIGHT-B03,B03,LV-PARTY-B03,ownership,records/fictional-property-schedule.pdf,synthetic
LV-RIGHT-B04,B04,LV-PARTY-B04,ownership,records/fictional-property-schedule.pdf,synthetic
LV-RIGHT-B05,B05,LV-PARTY-B05,ownership,records/fictional-property-schedule.pdf,synthetic
LV-RIGHT-B06,B06,LV-PARTY-B06,ownership,records/fictional-property-schedule.pdf,synthetic
LV-RIGHT-B07,B07,LV-PARTY-B07,ownership,records/fictional-property-schedule.pdf,synthetic
LV-RIGHT-B08,B08,LV-PARTY-B08,ownership,records/fictional-property-schedule.pdf,synthetic
LV-RIGHT-B09,B09,LV-PARTY-B09,ownership,records/fictional-property-schedule.pdf,synthetic
LV-RIGHT-B10,B10,LV-PARTY-B10,ownership,records/fictional-property-schedule.pdf,synthetic
LV-RIGHT-B11,B11,LV-PARTY-B11,ownership,records/fictional-property-schedule.pdf,synthetic
LV-RIGHT-B12,B12,LV-PARTY-B12,ownership,records/fictional-property-schedule.pdf,synthetic
LV-RIGHT-B13,B13,LV-PARTY-B13,ownership,records/fictional-property-schedule.pdf,synthetic
LV-RIGHT-B14,B14,LV-PARTY-B14,ownership,records/fictional-property-schedule.pdf,synthetic
LV-RIGHT-B15,B15,LV-PARTY-B15,ownership,records/fictional-property-schedule.pdf,synthetic
LV-RIGHT-B16,B16,LV-PARTY-B16,ownership,records/fictional-property-schedule.pdf,synthetic
LV-RIGHT-B17,B17,LV-PARTY-B17,ownership,records/fictional-property-schedule.pdf,synthetic
LV-RIGHT-B18,B18,LV-PARTY-B18,ownership,records/fictional-property-schedule.pdf,synthetic
LV-RIGHT-B19,B19,LV-PARTY-B19,ownership,records/fictional-property-schedule.pdf,synthetic
LV-RIGHT-B20,B20,LV-PARTY-B20,ownership,records/fictional-property-schedule.pdf,synthetic
LV-RIGHT-B21,B21,LV-PARTY-B21,ownership,records/fictional-property-schedule.pdf,synthetic
LV-RIGHT-B22,B22,LV-PARTY-B22,ownership,records/fictional-property-schedule.pdf,synthetic
LV-RIGHT-B23,B23,LV-PARTY-B23,ownership,records/fictional-property-schedule.pdf,synthetic
LV-RIGHT-B24,B24,LV-PARTY-B24,ownership,records/fictional-property-schedule.pdf,synthetic
LV-RIGHT-B25,B25,LV-PARTY-B25,ownership,records/fictional-property-schedule.pdf,synthetic
LV-RIGHT-B26,B26,LV-PARTY-B26,ownership,records/fictional-property-schedule.pdf,synthetic
LV-RIGHT-B27,B27,LV-PARTY-B27,ownership,records/fictional-property-schedule.pdf,synthetic
LV-RIGHT-B28,B28,LV-PARTY-B28,ownership,records/fictional-property-schedule.pdf,synthetic
LV-RIGHT-B29,B29,LV-PARTY-B29,ownership,records/fictional-property-schedule.pdf,synthetic
LV-RIGHT-B30,B30,LV-PARTY-B30,ownership,records/fictional-property-schedule.pdf,synthetic
LV-RIGHT-B31,B31,LV-PARTY-B31,ownership,records/fictional-property-schedule.pdf,synthetic
LV-RIGHT-B32,B32,LV-PARTY-B32,ownership,records/fictional-property-schedule.pdf,synthetic
LV-RIGHT-B33,B33,LV-PARTY-B33,ownership,records/fictional-property-schedule.pdf,synthetic
LV-RIGHT-B34,B34,LV-PARTY-B34,ownership,records/fictional-property-schedule.pdf,synthetic
LV-RIGHT-B35,B35,LV-PARTY-B35,ownership,records/fictional-property-schedule.pdf,synthetic
LV-RIGHT-B36,B36,LV-PARTY-B36,ownership,records/fictional-property-schedule.pdf,synthetic
LV-RIGHT-B37,B37,LV-PARTY-B37,ownership,records/fictional-property-schedule.pdf,synthetic
LV-RIGHT-B38,B38,LV-PARTY-B38,ownership,records/fictional-property-schedule.pdf,synthetic
LV-RIGHT-B39,B39,LV-PARTY-B39,ownership,records/fictional-property-schedule.pdf,synthetic
LV-RIGHT-B40,B40,LV-PARTY-B40,ownership,records/fictional-property-schedule.pdf,synthetic
LV-RIGHT-B41,B41,LV-PARTY-B41,ownership,records/fictional-property-schedule.pdf,synthetic
LV-RIGHT-B42,B42,LV-PARTY-B42,ownership,records/fictional-property-schedule.pdf,synthetic
LV-RIGHT-B43,B43,LV-PARTY-B43,ownership,records/fictional-property-schedule.pdf,synthetic
LV-RIGHT-B44,B44,LV-PARTY-B44,ownership,records/fictional-property-schedule.pdf,synthetic
LV-RIGHT-B45,B45,LV-PARTY-B45,ownership,records/fictional-property-schedule.pdf,synthetic
LV-RIGHT-B46,B46,LV-PARTY-B46,ownership,records/fictional-property-schedule.pdf,synthetic
LV-RIGHT-B47,B47,LV-PARTY-B47,ownership,records/fictional-property-schedule.pdf,synthetic
LV-RIGHT-B48,B48,LV-PARTY-B48,ownership,records/fictional-property-schedule.pdf,synthetic
LV-RIGHT-B49,B49,LV-PARTY-B49,ownership,records/fictional-property-schedule.pdf,synthetic
LV-RIGHT-B01-FB,B01-FB,LV-PARTY-B01-FB,common_use,records/fictional-property-schedule.pdf,synthetic
LV-RIGHT-B01-F0,B01-F0,LV-PARTY-B01-F0,lease,records/fictional-property-schedule.pdf,synthetic
LV-RIGHT-B01-F1,B01-F1,LV-PARTY-B01-F1,lease,records/fictional-property-schedule.pdf,synthetic
LV-RIGHT-B01-F2,B01-F2,LV-PARTY-B01-F2,lease,records/fictional-property-schedule.pdf,synthetic
LV-RIGHT-B01-F3,B01-F3,LV-PARTY-B01-F3,lease,records/fictional-property-schedule.pdf,synthetic
LV-RIGHT-B01-F4,B01-F4,LV-PARTY-B01-F4,lease,records/fictional-property-schedule.pdf,synthetic
LV-RIGHT-B02-SHOWCASE-F0,B02-SHOWCASE-F0,LV-PARTY-B02-SHOWCASE-F0,lease,records/fictional-property-schedule.pdf,synthetic
LV-RIGHT-B02-SHOWCASE-F1,B02-SHOWCASE-F1,LV-PARTY-B02-SHOWCASE-F1,lease,records/fictional-property-schedule.pdf,synthetic
LV-RIGHT-B02-SHOWCASE-F2,B02-SHOWCASE-F2,LV-PARTY-B02-SHOWCASE-F2,lease,records/fictional-property-schedule.pdf,synthetic
LV-RIGHT-B02-SHOWCASE-F3,B02-SHOWCASE-F3,LV-PARTY-B02-SHOWCASE-F3,lease,records/fictional-property-schedule.pdf,synthetic
LV-RIGHT-B03-SHOWCASE-F0,B03-SHOWCASE-F0,LV-PARTY-B03-SHOWCASE-F0,lease,records/fictional-property-schedule.pdf,synthetic
LV-RIGHT-B03-SHOWCASE-F1,B03-SHOWCASE-F1,LV-PARTY-B03-SHOWCASE-F1,lease,records/fictional-property-schedule.pdf,synthetic
LV-RIGHT-B03-SHOWCASE-F2,B03-SHOWCASE-F2,LV-PARTY-B03-SHOWCASE-F2,lease,records/fictional-property-schedule.pdf,synthetic
LV-RIGHT-B03-SHOWCASE-F3,B03-SHOWCASE-F3,LV-PARTY-B03-SHOWCASE-F3,lease,records/fictional-property-schedule.pdf,synthetic
LV-RIGHT-B03-SHOWCASE-F4,B03-SHOWCASE-F4,LV-PARTY-B03-SHOWCASE-F4,lease,records/fictional-property-schedule.pdf,synthetic
LV-RIGHT-B04-SHOWCASE-F0,B04-SHOWCASE-F0,LV-PARTY-B04-SHOWCASE-F0,lease,records/fictional-property-schedule.pdf,synthetic
LV-RIGHT-B04-SHOWCASE-F1,B04-SHOWCASE-F1,LV-PARTY-B04-SHOWCASE-F1,lease,records/fictional-property-schedule.pdf,synthetic
LV-RIGHT-B04-SHOWCASE-F2,B04-SHOWCASE-F2,LV-PARTY-B04-SHOWCASE-F2,lease,records/fictional-property-schedule.pdf,synthetic
LV-RIGHT-B05-SHOWCASE-F0,B05-SHOWCASE-F0,LV-PARTY-B05-SHOWCASE-F0,lease,records/fictional-property-schedule.pdf,synthetic
LV-RIGHT-B05-SHOWCASE-F1,B05-SHOWCASE-F1,LV-PARTY-B05-SHOWCASE-F1,lease,records/fictional-property-schedule.pdf,synthetic
LV-RIGHT-B05-SHOWCASE-F2,B05-SHOWCASE-F2,LV-PARTY-B05-SHOWCASE-F2,lease,records/fictional-property-schedule.pdf,synthetic
LV-RIGHT-B05-SHOWCASE-F3,B05-SHOWCASE-F3,LV-PARTY-B05-SHOWCASE-F3,lease,records/fictional-property-schedule.pdf,synthetic
LV-RIGHT-B06-SHOWCASE-F0,B06-SHOWCASE-F0,LV-PARTY-B06-SHOWCASE-F0,lease,records/fictional-property-schedule.pdf,synthetic
LV-RIGHT-B06-SHOWCASE-F1,B06-SHOWCASE-F1,LV-PARTY-B06-SHOWCASE-F1,lease,records/fictional-property-schedule.pdf,synthetic
LV-RIGHT-B06-SHOWCASE-F2,B06-SHOWCASE-F2,LV-PARTY-B06-SHOWCASE-F2,lease,records/fictional-property-schedule.pdf,synthetic
LV-RIGHT-B06-SHOWCASE-F3,B06-SHOWCASE-F3,LV-PARTY-B06-SHOWCASE-F3,lease,records/fictional-property-schedule.pdf,synthetic
LV-RIGHT-B06-SHOWCASE-F4,B06-SHOWCASE-F4,LV-PARTY-B06-SHOWCASE-F4,lease,records/fictional-property-schedule.pdf,synthetic
LV-RIGHT-B07-SHOWCASE-F0,B07-SHOWCASE-F0,LV-PARTY-B07-SHOWCASE-F0,lease,records/fictional-property-schedule.pdf,synthetic
LV-RIGHT-B07-SHOWCASE-F1,B07-SHOWCASE-F1,LV-PARTY-B07-SHOWCASE-F1,lease,records/fictional-property-schedule.pdf,synthetic
LV-RIGHT-B07-SHOWCASE-F2,B07-SHOWCASE-F2,LV-PARTY-B07-SHOWCASE-F2,lease,records/fictional-property-schedule.pdf,synthetic
LV-RIGHT-B08-SHOWCASE-F0,B08-SHOWCASE-F0,LV-PARTY-B08-SHOWCASE-F0,lease,records/fictional-property-schedule.pdf,synthetic
LV-RIGHT-B08-SHOWCASE-F1,B08-SHOWCASE-F1,LV-PARTY-B08-SHOWCASE-F1,lease,records/fictional-property-schedule.pdf,synthetic
LV-RIGHT-B08-SHOWCASE-F2,B08-SHOWCASE-F2,LV-PARTY-B08-SHOWCASE-F2,lease,records/fictional-property-schedule.pdf,synthetic
LV-RIGHT-B08-SHOWCASE-F3,B08-SHOWCASE-F3,LV-PARTY-B08-SHOWCASE-F3,lease,records/fictional-property-schedule.pdf,synthetic
LV-RIGHT-B09-SHOWCASE-F0,B09-SHOWCASE-F0,LV-PARTY-B09-SHOWCASE-F0,lease,records/fictional-property-schedule.pdf,synthetic
LV-RIGHT-B09-SHOWCASE-F1,B09-SHOWCASE-F1,LV-PARTY-B09-SHOWCASE-F1,lease,records/fictional-property-schedule.pdf,synthetic
LV-RIGHT-B09-SHOWCASE-F2,B09-SHOWCASE-F2,LV-PARTY-B09-SHOWCASE-F2,lease,records/fictional-property-schedule.pdf,synthetic
LV-RIGHT-B09-SHOWCASE-F3,B09-SHOWCASE-F3,LV-PARTY-B09-SHOWCASE-F3,lease,records/fictional-property-schedule.pdf,synthetic
LV-RIGHT-B09-SHOWCASE-F4,B09-SHOWCASE-F4,LV-PARTY-B09-SHOWCASE-F4,lease,records/fictional-property-schedule.pdf,synthetic
LV-RIGHT-B10-SHOWCASE-F0,B10-SHOWCASE-F0,LV-PARTY-B10-SHOWCASE-F0,lease,records/fictional-property-schedule.pdf,synthetic
LV-RIGHT-B10-SHOWCASE-F1,B10-SHOWCASE-F1,LV-PARTY-B10-SHOWCASE-F1,lease,records/fictional-property-schedule.pdf,synthetic
LV-RIGHT-B10-SHOWCASE-F2,B10-SHOWCASE-F2,LV-PARTY-B10-SHOWCASE-F2,lease,records/fictional-property-schedule.pdf,synthetic
LV-RIGHT-B11-SHOWCASE-F0,B11-SHOWCASE-F0,LV-PARTY-B11-SHOWCASE-F0,lease,records/fictional-property-schedule.pdf,synthetic
LV-RIGHT-B11-SHOWCASE-F1,B11-SHOWCASE-F1,LV-PARTY-B11-SHOWCASE-F1,lease,records/fictional-property-schedule.pdf,synthetic
LV-RIGHT-B11-SHOWCASE-F2,B11-SHOWCASE-F2,LV-PARTY-B11-SHOWCASE-F2,lease,records/fictional-property-schedule.pdf,synthetic
LV-RIGHT-B11-SHOWCASE-F3,B11-SHOWCASE-F3,LV-PARTY-B11-SHOWCASE-F3,lease,records/fictional-property-schedule.pdf,synthetic
LV-RIGHT-B12-SHOWCASE-F0,B12-SHOWCASE-F0,LV-PARTY-B12-SHOWCASE-F0,lease,records/fictional-property-schedule.pdf,synthetic
LV-RIGHT-B12-SHOWCASE-F1,B12-SHOWCASE-F1,LV-PARTY-B12-SHOWCASE-F1,lease,records/fictional-property-schedule.pdf,synthetic
LV-RIGHT-B12-SHOWCASE-F2,B12-SHOWCASE-F2,LV-PARTY-B12-SHOWCASE-F2,lease,records/fictional-property-schedule.pdf,synthetic
LV-RIGHT-B12-SHOWCASE-F3,B12-SHOWCASE-F3,LV-PARTY-B12-SHOWCASE-F3,lease,records/fictional-property-schedule.pdf,synthetic
LV-RIGHT-B12-SHOWCASE-F4,B12-SHOWCASE-F4,LV-PARTY-B12-SHOWCASE-F4,lease,records/fictional-property-schedule.pdf,synthetic
LV-RIGHT-B13-SHOWCASE-F0,B13-SHOWCASE-F0,LV-PARTY-B13-SHOWCASE-F0,lease,records/fictional-property-schedule.pdf,synthetic
LV-RIGHT-B13-SHOWCASE-F1,B13-SHOWCASE-F1,LV-PARTY-B13-SHOWCASE-F1,lease,records/fictional-property-schedule.pdf,synthetic
LV-RIGHT-B13-SHOWCASE-F2,B13-SHOWCASE-F2,LV-PARTY-B13-SHOWCASE-F2,lease,records/fictional-property-schedule.pdf,synthetic
LV-RIGHT-B14-SHOWCASE-F0,B14-SHOWCASE-F0,LV-PARTY-B14-SHOWCASE-F0,lease,records/fictional-property-schedule.pdf,synthetic
LV-RIGHT-B14-SHOWCASE-F1,B14-SHOWCASE-F1,LV-PARTY-B14-SHOWCASE-F1,lease,records/fictional-property-schedule.pdf,synthetic
LV-RIGHT-B14-SHOWCASE-F2,B14-SHOWCASE-F2,LV-PARTY-B14-SHOWCASE-F2,lease,records/fictional-property-schedule.pdf,synthetic
LV-RIGHT-B14-SHOWCASE-F3,B14-SHOWCASE-F3,LV-PARTY-B14-SHOWCASE-F3,lease,records/fictional-property-schedule.pdf,synthetic
LV-RIGHT-B15-SHOWCASE-F0,B15-SHOWCASE-F0,LV-PARTY-B15-SHOWCASE-F0,lease,records/fictional-property-schedule.pdf,synthetic
LV-RIGHT-B15-SHOWCASE-F1,B15-SHOWCASE-F1,LV-PARTY-B15-SHOWCASE-F1,lease,records/fictional-property-schedule.pdf,synthetic
LV-RIGHT-B15-SHOWCASE-F2,B15-SHOWCASE-F2,LV-PARTY-B15-SHOWCASE-F2,lease,records/fictional-property-schedule.pdf,synthetic
LV-RIGHT-B15-SHOWCASE-F3,B15-SHOWCASE-F3,LV-PARTY-B15-SHOWCASE-F3,lease,records/fictional-property-schedule.pdf,synthetic
LV-RIGHT-B15-SHOWCASE-F4,B15-SHOWCASE-F4,LV-PARTY-B15-SHOWCASE-F4,lease,records/fictional-property-schedule.pdf,synthetic
LV-RIGHT-B16-SHOWCASE-F0,B16-SHOWCASE-F0,LV-PARTY-B16-SHOWCASE-F0,lease,records/fictional-property-schedule.pdf,synthetic
LV-RIGHT-B16-SHOWCASE-F1,B16-SHOWCASE-F1,LV-PARTY-B16-SHOWCASE-F1,lease,records/fictional-property-schedule.pdf,synthetic
LV-RIGHT-B16-SHOWCASE-F2,B16-SHOWCASE-F2,LV-PARTY-B16-SHOWCASE-F2,lease,records/fictional-property-schedule.pdf,synthetic
LV-RIGHT-B17-SHOWCASE-F0,B17-SHOWCASE-F0,LV-PARTY-B17-SHOWCASE-F0,lease,records/fictional-property-schedule.pdf,synthetic
LV-RIGHT-B17-SHOWCASE-F1,B17-SHOWCASE-F1,LV-PARTY-B17-SHOWCASE-F1,lease,records/fictional-property-schedule.pdf,synthetic
LV-RIGHT-B17-SHOWCASE-F2,B17-SHOWCASE-F2,LV-PARTY-B17-SHOWCASE-F2,lease,records/fictional-property-schedule.pdf,synthetic
LV-RIGHT-B17-SHOWCASE-F3,B17-SHOWCASE-F3,LV-PARTY-B17-SHOWCASE-F3,lease,records/fictional-property-schedule.pdf,synthetic
LV-RIGHT-B18-SHOWCASE-F0,B18-SHOWCASE-F0,LV-PARTY-B18-SHOWCASE-F0,lease,records/fictional-property-schedule.pdf,synthetic
LV-RIGHT-B18-SHOWCASE-F1,B18-SHOWCASE-F1,LV-PARTY-B18-SHOWCASE-F1,lease,records/fictional-property-schedule.pdf,synthetic
LV-RIGHT-B18-SHOWCASE-F2,B18-SHOWCASE-F2,LV-PARTY-B18-SHOWCASE-F2,lease,records/fictional-property-schedule.pdf,synthetic
LV-RIGHT-B18-SHOWCASE-F3,B18-SHOWCASE-F3,LV-PARTY-B18-SHOWCASE-F3,lease,records/fictional-property-schedule.pdf,synthetic
LV-RIGHT-B18-SHOWCASE-F4,B18-SHOWCASE-F4,LV-PARTY-B18-SHOWCASE-F4,lease,records/fictional-property-schedule.pdf,synthetic
LV-RIGHT-B19-SHOWCASE-F0,B19-SHOWCASE-F0,LV-PARTY-B19-SHOWCASE-F0,lease,records/fictional-property-schedule.pdf,synthetic
LV-RIGHT-B19-SHOWCASE-F1,B19-SHOWCASE-F1,LV-PARTY-B19-SHOWCASE-F1,lease,records/fictional-property-schedule.pdf,synthetic
LV-RIGHT-B19-SHOWCASE-F2,B19-SHOWCASE-F2,LV-PARTY-B19-SHOWCASE-F2,lease,records/fictional-property-schedule.pdf,synthetic
LV-RIGHT-B20-SHOWCASE-F0,B20-SHOWCASE-F0,LV-PARTY-B20-SHOWCASE-F0,lease,records/fictional-property-schedule.pdf,synthetic
LV-RIGHT-B20-SHOWCASE-F1,B20-SHOWCASE-F1,LV-PARTY-B20-SHOWCASE-F1,lease,records/fictional-property-schedule.pdf,synthetic
LV-RIGHT-B20-SHOWCASE-F2,B20-SHOWCASE-F2,LV-PARTY-B20-SHOWCASE-F2,lease,records/fictional-property-schedule.pdf,synthetic
LV-RIGHT-B20-SHOWCASE-F3,B20-SHOWCASE-F3,LV-PARTY-B20-SHOWCASE-F3,lease,records/fictional-property-schedule.pdf,synthetic
LV-RIGHT-B21-SHOWCASE-F0,B21-SHOWCASE-F0,LV-PARTY-B21-SHOWCASE-F0,lease,records/fictional-property-schedule.pdf,synthetic
LV-RIGHT-B21-SHOWCASE-F1,B21-SHOWCASE-F1,LV-PARTY-B21-SHOWCASE-F1,lease,records/fictional-property-schedule.pdf,synthetic
LV-RIGHT-B21-SHOWCASE-F2,B21-SHOWCASE-F2,LV-PARTY-B21-SHOWCASE-F2,lease,records/fictional-property-schedule.pdf,synthetic
LV-RIGHT-B21-SHOWCASE-F3,B21-SHOWCASE-F3,LV-PARTY-B21-SHOWCASE-F3,lease,records/fictional-property-schedule.pdf,synthetic
LV-RIGHT-B21-SHOWCASE-F4,B21-SHOWCASE-F4,LV-PARTY-B21-SHOWCASE-F4,lease,records/fictional-property-schedule.pdf,synthetic
LV-RIGHT-B22-SHOWCASE-F0,B22-SHOWCASE-F0,LV-PARTY-B22-SHOWCASE-F0,lease,records/fictional-property-schedule.pdf,synthetic
LV-RIGHT-B22-SHOWCASE-F1,B22-SHOWCASE-F1,LV-PARTY-B22-SHOWCASE-F1,lease,records/fictional-property-schedule.pdf,synthetic
LV-RIGHT-B22-SHOWCASE-F2,B22-SHOWCASE-F2,LV-PARTY-B22-SHOWCASE-F2,lease,records/fictional-property-schedule.pdf,synthetic
LV-RIGHT-B23-SHOWCASE-F0,B23-SHOWCASE-F0,LV-PARTY-B23-SHOWCASE-F0,lease,records/fictional-property-schedule.pdf,synthetic
LV-RIGHT-B23-SHOWCASE-F1,B23-SHOWCASE-F1,LV-PARTY-B23-SHOWCASE-F1,lease,records/fictional-property-schedule.pdf,synthetic
LV-RIGHT-B23-SHOWCASE-F2,B23-SHOWCASE-F2,LV-PARTY-B23-SHOWCASE-F2,lease,records/fictional-property-schedule.pdf,synthetic
LV-RIGHT-B24-SHOWCASE-F0,B24-SHOWCASE-F0,LV-PARTY-B24-SHOWCASE-F0,lease,records/fictional-property-schedule.pdf,synthetic
LV-RIGHT-B24-SHOWCASE-F1,B24-SHOWCASE-F1,LV-PARTY-B24-SHOWCASE-F1,lease,records/fictional-property-schedule.pdf,synthetic
LV-RIGHT-B24-SHOWCASE-F2,B24-SHOWCASE-F2,LV-PARTY-B24-SHOWCASE-F2,lease,records/fictional-property-schedule.pdf,synthetic
LV-RIGHT-B24-SHOWCASE-F3,B24-SHOWCASE-F3,LV-PARTY-B24-SHOWCASE-F3,lease,records/fictional-property-schedule.pdf,synthetic
LV-RIGHT-B25-SHOWCASE-F0,B25-SHOWCASE-F0,LV-PARTY-B25-SHOWCASE-F0,lease,records/fictional-property-schedule.pdf,synthetic
LV-RIGHT-B25-SHOWCASE-F1,B25-SHOWCASE-F1,LV-PARTY-B25-SHOWCASE-F1,lease,records/fictional-property-schedule.pdf,synthetic
LV-RIGHT-B25-SHOWCASE-F2,B25-SHOWCASE-F2,LV-PARTY-B25-SHOWCASE-F2,lease,records/fictional-property-schedule.pdf,synthetic
LV-RIGHT-B26-SHOWCASE-F0,B26-SHOWCASE-F0,LV-PARTY-B26-SHOWCASE-F0,lease,records/fictional-property-schedule.pdf,synthetic
LV-RIGHT-B26-SHOWCASE-F1,B26-SHOWCASE-F1,LV-PARTY-B26-SHOWCASE-F1,lease,records/fictional-property-schedule.pdf,synthetic
LV-RIGHT-B26-SHOWCASE-F2,B26-SHOWCASE-F2,LV-PARTY-B26-SHOWCASE-F2,lease,records/fictional-property-schedule.pdf,synthetic
LV-RIGHT-B26-SHOWCASE-F3,B26-SHOWCASE-F3,LV-PARTY-B26-SHOWCASE-F3,lease,records/fictional-property-schedule.pdf,synthetic
LV-RIGHT-B27-SHOWCASE-F0,B27-SHOWCASE-F0,LV-PARTY-B27-SHOWCASE-F0,lease,records/fictional-property-schedule.pdf,synthetic
LV-RIGHT-B27-SHOWCASE-F1,B27-SHOWCASE-F1,LV-PARTY-B27-SHOWCASE-F1,lease,records/fictional-property-schedule.pdf,synthetic
LV-RIGHT-B27-SHOWCASE-F2,B27-SHOWCASE-F2,LV-PARTY-B27-SHOWCASE-F2,lease,records/fictional-property-schedule.pdf,synthetic
LV-RIGHT-B28-SHOWCASE-F0,B28-SHOWCASE-F0,LV-PARTY-B28-SHOWCASE-F0,lease,records/fictional-property-schedule.pdf,synthetic
LV-RIGHT-B28-SHOWCASE-F1,B28-SHOWCASE-F1,LV-PARTY-B28-SHOWCASE-F1,lease,records/fictional-property-schedule.pdf,synthetic
LV-RIGHT-B28-SHOWCASE-F2,B28-SHOWCASE-F2,LV-PARTY-B28-SHOWCASE-F2,lease,records/fictional-property-schedule.pdf,synthetic
LV-RIGHT-B28-SHOWCASE-F3,B28-SHOWCASE-F3,LV-PARTY-B28-SHOWCASE-F3,lease,records/fictional-property-schedule.pdf,synthetic
LV-RIGHT-B29-SHOWCASE-F0,B29-SHOWCASE-F0,LV-PARTY-B29-SHOWCASE-F0,lease,records/fictional-property-schedule.pdf,synthetic
LV-RIGHT-B29-SHOWCASE-F1,B29-SHOWCASE-F1,LV-PARTY-B29-SHOWCASE-F1,lease,records/fictional-property-schedule.pdf,synthetic
LV-RIGHT-B29-SHOWCASE-F2,B29-SHOWCASE-F2,LV-PARTY-B29-SHOWCASE-F2,lease,records/fictional-property-schedule.pdf,synthetic
LV-RIGHT-B30-SHOWCASE-F0,B30-SHOWCASE-F0,LV-PARTY-B30-SHOWCASE-F0,lease,records/fictional-property-schedule.pdf,synthetic
LV-RIGHT-B30-SHOWCASE-F1,B30-SHOWCASE-F1,LV-PARTY-B30-SHOWCASE-F1,lease,records/fictional-property-schedule.pdf,synthetic
LV-RIGHT-B30-SHOWCASE-F2,B30-SHOWCASE-F2,LV-PARTY-B30-SHOWCASE-F2,lease,records/fictional-property-schedule.pdf,synthetic
LV-RIGHT-B30-SHOWCASE-F3,B30-SHOWCASE-F3,LV-PARTY-B30-SHOWCASE-F3,lease,records/fictional-property-schedule.pdf,synthetic
LV-RIGHT-B31-SHOWCASE-F0,B31-SHOWCASE-F0,LV-PARTY-B31-SHOWCASE-F0,lease,records/fictional-property-schedule.pdf,synthetic
LV-RIGHT-B31-SHOWCASE-F1,B31-SHOWCASE-F1,LV-PARTY-B31-SHOWCASE-F1,lease,records/fictional-property-schedule.pdf,synthetic
LV-RIGHT-B31-SHOWCASE-F2,B31-SHOWCASE-F2,LV-PARTY-B31-SHOWCASE-F2,lease,records/fictional-property-schedule.pdf,synthetic
LV-RIGHT-B32-SHOWCASE-F0,B32-SHOWCASE-F0,LV-PARTY-B32-SHOWCASE-F0,lease,records/fictional-property-schedule.pdf,synthetic
LV-RIGHT-B32-SHOWCASE-F1,B32-SHOWCASE-F1,LV-PARTY-B32-SHOWCASE-F1,lease,records/fictional-property-schedule.pdf,synthetic
LV-RIGHT-B32-SHOWCASE-F2,B32-SHOWCASE-F2,LV-PARTY-B32-SHOWCASE-F2,lease,records/fictional-property-schedule.pdf,synthetic
LV-RIGHT-B32-SHOWCASE-F3,B32-SHOWCASE-F3,LV-PARTY-B32-SHOWCASE-F3,lease,records/fictional-property-schedule.pdf,synthetic
LV-RIGHT-B33-SHOWCASE-F0,B33-SHOWCASE-F0,LV-PARTY-B33-SHOWCASE-F0,lease,records/fictional-property-schedule.pdf,synthetic
LV-RIGHT-B33-SHOWCASE-F1,B33-SHOWCASE-F1,LV-PARTY-B33-SHOWCASE-F1,lease,records/fictional-property-schedule.pdf,synthetic
LV-RIGHT-B33-SHOWCASE-F2,B33-SHOWCASE-F2,LV-PARTY-B33-SHOWCASE-F2,lease,records/fictional-property-schedule.pdf,synthetic
LV-RIGHT-B34-SHOWCASE-F0,B34-SHOWCASE-F0,LV-PARTY-B34-SHOWCASE-F0,lease,records/fictional-property-schedule.pdf,synthetic
LV-RIGHT-B34-SHOWCASE-F1,B34-SHOWCASE-F1,LV-PARTY-B34-SHOWCASE-F1,lease,records/fictional-property-schedule.pdf,synthetic
LV-RIGHT-B34-SHOWCASE-F2,B34-SHOWCASE-F2,LV-PARTY-B34-SHOWCASE-F2,lease,records/fictional-property-schedule.pdf,synthetic
LV-RIGHT-B34-SHOWCASE-F3,B34-SHOWCASE-F3,LV-PARTY-B34-SHOWCASE-F3,lease,records/fictional-property-schedule.pdf,synthetic
LV-RIGHT-B35-SHOWCASE-F0,B35-SHOWCASE-F0,LV-PARTY-B35-SHOWCASE-F0,lease,records/fictional-property-schedule.pdf,synthetic
LV-RIGHT-B35-SHOWCASE-F1,B35-SHOWCASE-F1,LV-PARTY-B35-SHOWCASE-F1,lease,records/fictional-property-schedule.pdf,synthetic
LV-RIGHT-B35-SHOWCASE-F2,B35-SHOWCASE-F2,LV-PARTY-B35-SHOWCASE-F2,lease,records/fictional-property-schedule.pdf,synthetic
LV-RIGHT-B36-SHOWCASE-F0,B36-SHOWCASE-F0,LV-PARTY-B36-SHOWCASE-F0,lease,records/fictional-property-schedule.pdf,synthetic
LV-RIGHT-B36-SHOWCASE-F1,B36-SHOWCASE-F1,LV-PARTY-B36-SHOWCASE-F1,lease,records/fictional-property-schedule.pdf,synthetic
LV-RIGHT-B36-SHOWCASE-F2,B36-SHOWCASE-F2,LV-PARTY-B36-SHOWCASE-F2,lease,records/fictional-property-schedule.pdf,synthetic
LV-RIGHT-B36-SHOWCASE-F3,B36-SHOWCASE-F3,LV-PARTY-B36-SHOWCASE-F3,lease,records/fictional-property-schedule.pdf,synthetic
LV-RIGHT-B37-SHOWCASE-F0,B37-SHOWCASE-F0,LV-PARTY-B37-SHOWCASE-F0,lease,records/fictional-property-schedule.pdf,synthetic
LV-RIGHT-B37-SHOWCASE-F1,B37-SHOWCASE-F1,LV-PARTY-B37-SHOWCASE-F1,lease,records/fictional-property-schedule.pdf,synthetic
LV-RIGHT-B37-SHOWCASE-F2,B37-SHOWCASE-F2,LV-PARTY-B37-SHOWCASE-F2,lease,records/fictional-property-schedule.pdf,synthetic
LV-RIGHT-B38-SHOWCASE-F0,B38-SHOWCASE-F0,LV-PARTY-B38-SHOWCASE-F0,lease,records/fictional-property-schedule.pdf,synthetic
LV-RIGHT-B38-SHOWCASE-F1,B38-SHOWCASE-F1,LV-PARTY-B38-SHOWCASE-F1,lease,records/fictional-property-schedule.pdf,synthetic
LV-RIGHT-B38-SHOWCASE-F2,B38-SHOWCASE-F2,LV-PARTY-B38-SHOWCASE-F2,lease,records/fictional-property-schedule.pdf,synthetic
LV-RIGHT-B38-SHOWCASE-F3,B38-SHOWCASE-F3,LV-PARTY-B38-SHOWCASE-F3,lease,records/fictional-property-schedule.pdf,synthetic
LV-RIGHT-B39-SHOWCASE-F0,B39-SHOWCASE-F0,LV-PARTY-B39-SHOWCASE-F0,lease,records/fictional-property-schedule.pdf,synthetic
LV-RIGHT-B39-SHOWCASE-F1,B39-SHOWCASE-F1,LV-PARTY-B39-SHOWCASE-F1,lease,records/fictional-property-schedule.pdf,synthetic
LV-RIGHT-B39-SHOWCASE-F2,B39-SHOWCASE-F2,LV-PARTY-B39-SHOWCASE-F2,lease,records/fictional-property-schedule.pdf,synthetic
LV-RIGHT-B40-SHOWCASE-F0,B40-SHOWCASE-F0,LV-PARTY-B40-SHOWCASE-F0,lease,records/fictional-property-schedule.pdf,synthetic
LV-RIGHT-B40-SHOWCASE-F1,B40-SHOWCASE-F1,LV-PARTY-B40-SHOWCASE-F1,lease,records/fictional-property-schedule.pdf,synthetic
LV-RIGHT-B40-SHOWCASE-F2,B40-SHOWCASE-F2,LV-PARTY-B40-SHOWCASE-F2,lease,records/fictional-property-schedule.pdf,synthetic
LV-RIGHT-B40-SHOWCASE-F3,B40-SHOWCASE-F3,LV-PARTY-B40-SHOWCASE-F3,lease,records/fictional-property-schedule.pdf,synthetic
LV-RIGHT-B41-SHOWCASE-F0,B41-SHOWCASE-F0,LV-PARTY-B41-SHOWCASE-F0,lease,records/fictional-property-schedule.pdf,synthetic
LV-RIGHT-B41-SHOWCASE-F1,B41-SHOWCASE-F1,LV-PARTY-B41-SHOWCASE-F1,lease,records/fictional-property-schedule.pdf,synthetic
LV-RIGHT-B41-SHOWCASE-F2,B41-SHOWCASE-F2,LV-PARTY-B41-SHOWCASE-F2,lease,records/fictional-property-schedule.pdf,synthetic
LV-RIGHT-B42-SHOWCASE-F0,B42-SHOWCASE-F0,LV-PARTY-B42-SHOWCASE-F0,lease,records/fictional-property-schedule.pdf,synthetic
LV-RIGHT-B42-SHOWCASE-F1,B42-SHOWCASE-F1,LV-PARTY-B42-SHOWCASE-F1,lease,records/fictional-property-schedule.pdf,synthetic
LV-RIGHT-B42-SHOWCASE-F2,B42-SHOWCASE-F2,LV-PARTY-B42-SHOWCASE-F2,lease,records/fictional-property-schedule.pdf,synthetic
LV-RIGHT-B42-SHOWCASE-F3,B42-SHOWCASE-F3,LV-PARTY-B42-SHOWCASE-F3,lease,records/fictional-property-schedule.pdf,synthetic
LV-RIGHT-B43-SHOWCASE-F0,B43-SHOWCASE-F0,LV-PARTY-B43-SHOWCASE-F0,lease,records/fictional-property-schedule.pdf,synthetic
LV-RIGHT-B43-SHOWCASE-F1,B43-SHOWCASE-F1,LV-PARTY-B43-SHOWCASE-F1,lease,records/fictional-property-schedule.pdf,synthetic
LV-RIGHT-B43-SHOWCASE-F2,B43-SHOWCASE-F2,LV-PARTY-B43-SHOWCASE-F2,lease,records/fictional-property-schedule.pdf,synthetic
LV-RIGHT-B44-SHOWCASE-F0,B44-SHOWCASE-F0,LV-PARTY-B44-SHOWCASE-F0,lease,records/fictional-property-schedule.pdf,synthetic
LV-RIGHT-B44-SHOWCASE-F1,B44-SHOWCASE-F1,LV-PARTY-B44-SHOWCASE-F1,lease,records/fictional-property-schedule.pdf,synthetic
LV-RIGHT-B44-SHOWCASE-F2,B44-SHOWCASE-F2,LV-PARTY-B44-SHOWCASE-F2,lease,records/fictional-property-schedule.pdf,synthetic
LV-RIGHT-B44-SHOWCASE-F3,B44-SHOWCASE-F3,LV-PARTY-B44-SHOWCASE-F3,lease,records/fictional-property-schedule.pdf,synthetic
LV-RIGHT-B45-SHOWCASE-F0,B45-SHOWCASE-F0,LV-PARTY-B45-SHOWCASE-F0,lease,records/fictional-property-schedule.pdf,synthetic
LV-RIGHT-B45-SHOWCASE-F1,B45-SHOWCASE-F1,LV-PARTY-B45-SHOWCASE-F1,lease,records/fictional-property-schedule.pdf,synthetic
LV-RIGHT-B45-SHOWCASE-F2,B45-SHOWCASE-F2,LV-PARTY-B45-SHOWCASE-F2,lease,records/fictional-property-schedule.pdf,synthetic
LV-RIGHT-B46-SHOWCASE-F0,B46-SHOWCASE-F0,LV-PARTY-B46-SHOWCASE-F0,lease,records/fictional-property-schedule.pdf,synthetic
LV-RIGHT-B46-SHOWCASE-F1,B46-SHOWCASE-F1,LV-PARTY-B46-SHOWCASE-F1,lease,records/fictional-property-schedule.pdf,synthetic
LV-RIGHT-B46-SHOWCASE-F2,B46-SHOWCASE-F2,LV-PARTY-B46-SHOWCASE-F2,lease,records/fictional-property-schedule.pdf,synthetic
LV-RIGHT-B46-SHOWCASE-F3,B46-SHOWCASE-F3,LV-PARTY-B46-SHOWCASE-F3,lease,records/fictional-property-schedule.pdf,synthetic
LV-RIGHT-B47-SHOWCASE-F0,B47-SHOWCASE-F0,LV-PARTY-B47-SHOWCASE-F0,lease,records/fictional-property-schedule.pdf,synthetic
LV-RIGHT-B47-SHOWCASE-F1,B47-SHOWCASE-F1,LV-PARTY-B47-SHOWCASE-F1,lease,records/fictional-property-schedule.pdf,synthetic
LV-RIGHT-B47-SHOWCASE-F2,B47-SHOWCASE-F2,LV-PARTY-B47-SHOWCASE-F2,lease,records/fictional-property-schedule.pdf,synthetic
LV-RIGHT-B48-SHOWCASE-F0,B48-SHOWCASE-F0,LV-PARTY-B48-SHOWCASE-F0,lease,records/fictional-property-schedule.pdf,synthetic
LV-RIGHT-B48-SHOWCASE-F1,B48-SHOWCASE-F1,LV-PARTY-B48-SHOWCASE-F1,lease,records/fictional-property-schedule.pdf,synthetic
LV-RIGHT-B48-SHOWCASE-F2,B48-SHOWCASE-F2,LV-PARTY-B48-SHOWCASE-F2,lease,records/fictional-property-schedule.pdf,synthetic
LV-RIGHT-B49-SHOWCASE-F0,B49-SHOWCASE-F0,LV-PARTY-B49-SHOWCASE-F0,lease,records/fictional-property-schedule.pdf,synthetic
LV-RIGHT-B49-SHOWCASE-F1,B49-SHOWCASE-F1,LV-PARTY-B49-SHOWCASE-F1,lease,records/fictional-property-schedule.pdf,synthetic
LV-RIGHT-B49-SHOWCASE-F2,B49-SHOWCASE-F2,LV-PARTY-B49-SHOWCASE-F2,lease,records/fictional-property-schedule.pdf,synthetic
LV-RIGHT-B49-SHOWCASE-F3,B49-SHOWCASE-F3,LV-PARTY-B49-SHOWCASE-F3,lease,records/fictional-property-schedule.pdf,synthetic
LV-RIGHT-UTILITY,UT01,LV-PARTY-UTILITY,utility_easement,records/fictional-property-schedule.pdf,synthetic
