record_id,building_id,parcel_id,floor_id,floor_name,level,floor_3d_id,unit_id,unit_name,unit_type,unit_3d_id,area_sq_m,source_plan_file,geometry_status,classification
schedule-B01-FB-C,B01,P01,B01-FB,Basement,-1,DEMO-3D-REFERENCE-B01:-1,B01-FB-C,Basement parking,parking,DEMO-3D-REFERENCE-B01:-1:UNIT:B01-FB-C,247.95999999999913,authored floor_spaces.geojson,authored_synthetic,synthetic
schedule-B01-F0-U1,B01,P01,B01-F0,Ground floor,0,DEMO-3D-REFERENCE-B01:0,B01-F0-U1,Apartment 101,residential,DEMO-3D-REFERENCE-B01:0:UNIT:B01-F0-U1,109.33999999999924,authored floor_spaces.geojson,authored_synthetic,synthetic
schedule-B01-F0-U2,B01,P01,B01-F0,Ground floor,0,DEMO-3D-REFERENCE-B01:0,B01-F0-U2,Apartment 102,residential,DEMO-3D-REFERENCE-B01:0:UNIT:B01-F0-U2,120.13999999999942,authored floor_spaces.geojson,authored_synthetic,synthetic
schedule-B01-F0-C,B01,P01,B01-F0,Ground floor,0,DEMO-3D-REFERENCE-B01:0,B01-F0-C,Shared circulation,common,DEMO-3D-REFERENCE-B01:0:UNIT:B01-F0-C,15.399999999999636,authored floor_spaces.geojson,authored_synthetic,synthetic
schedule-B01-F1-U1,B01,P01,B01-F1,Floor 1,1,DEMO-3D-REFERENCE-B01:1,B01-F1-U1,Apartment 201,residential,DEMO-3D-REFERENCE-B01:1:UNIT:B01-F1-U1,109.33999999999924,authored floor_spaces.geojson,authored_synthetic,synthetic
schedule-B01-F1-U2,B01,P01,B01-F1,Floor 1,1,DEMO-3D-REFERENCE-B01:1,B01-F1-U2,Apartment 202,residential,DEMO-3D-REFERENCE-B01:1:UNIT:B01-F1-U2,120.13999999999942,authored floor_spaces.geojson,authored_synthetic,synthetic
schedule-B01-F1-C,B01,P01,B01-F1,Floor 1,1,DEMO-3D-REFERENCE-B01:1,B01-F1-C,Shared circulation,common,DEMO-3D-REFERENCE-B01:1:UNIT:B01-F1-C,15.399999999999636,authored floor_spaces.geojson,authored_synthetic,synthetic
schedule-B01-F2-U1,B01,P01,B01-F2,Floor 2,2,DEMO-3D-REFERENCE-B01:2,B01-F2-U1,Apartment 301,residential,DEMO-3D-REFERENCE-B01:2:UNIT:B01-F2-U1,109.33999999999924,authored floor_spaces.geojson,authored_synthetic,synthetic
schedule-B01-F2-U2,B01,P01,B01-F2,Floor 2,2,DEMO-3D-REFERENCE-B01:2,B01-F2-U2,Apartment 302,residential,DEMO-3D-REFERENCE-B01:2:UNIT:B01-F2-U2,120.13999999999942,authored floor_spaces.geojson,authored_synthetic,synthetic
schedule-B01-F2-C,B01,P01,B01-F2,Floor 2,2,DEMO-3D-REFERENCE-B01:2,B01-F2-C,Shared circulation,common,DEMO-3D-REFERENCE-B01:2:UNIT:B01-F2-C,15.399999999999636,authored floor_spaces.geojson,authored_synthetic,synthetic
schedule-B01-F3-U1,B01,P01,B01-F3,Floor 3,3,DEMO-3D-REFERENCE-B01:3,B01-F3-U1,Apartment 401,residential,DEMO-3D-REFERENCE-B01:3:UNIT:B01-F3-U1,109.33999999999924,authored floor_spaces.geojson,authored_synthetic,synthetic
schedule-B01-F3-U2,B01,P01,B01-F3,Floor 3,3,DEMO-3D-REFERENCE-B01:3,B01-F3-U2,Apartment 402,residential,DEMO-3D-REFERENCE-B01:3:UNIT:B01-F3-U2,120.13999999999942,authored floor_spaces.geojson,authored_synthetic,synthetic
schedule-B01-F3-C,B01,P01,B01-F3,Floor 3,3,DEMO-3D-REFERENCE-B01:3,B01-F3-C,Shared circulation,common,DEMO-3D-REFERENCE-B01:3:UNIT:B01-F3-C,15.399999999999636,authored floor_spaces.geojson,authored_synthetic,synthetic
schedule-B01-F4-U1,B01,P01,B01-F4,Floor 4,4,DEMO-3D-REFERENCE-B01:4,B01-F4-U1,Apartment 501,residential,DEMO-3D-REFERENCE-B01:4:UNIT:B01-F4-U1,109.33999999999924,authored floor_spaces.geojson,authored_synthetic,synthetic
schedule-B01-F4-U2,B01,P01,B01-F4,Floor 4,4,DEMO-3D-REFERENCE-B01:4,B01-F4-U2,Apartment 502,residential,DEMO-3D-REFERENCE-B01:4:UNIT:B01-F4-U2,120.13999999999942,authored floor_spaces.geojson,authored_synthetic,synthetic
schedule-B01-F4-C,B01,P01,B01-F4,Floor 4,4,DEMO-3D-REFERENCE-B01:4,B01-F4-C,Shared circulation,common,DEMO-3D-REFERENCE-B01:4:UNIT:B01-F4-C,15.399999999999636,authored floor_spaces.geojson,authored_synthetic,synthetic
schedule-B02-SHOWCASE-F0-SCHEDULE-UNIT,B02,P02,B02-SHOWCASE-F0,Ground floor,0,DEMO-3D-REFERENCE-B02:0,B02-SHOWCASE-F0-SCHEDULE-UNIT,Dwelling · schedule only,residential,DEMO-3D-REFERENCE-B02:0:UNIT:B02-SHOWCASE-F0-SCHEDULE-UNIT,,,schedule_only,synthetic
schedule-B02-SHOWCASE-F1-SCHEDULE-UNIT,B02,P02,B02-SHOWCASE-F1,Floor 1,1,DEMO-3D-REFERENCE-B02:1,B02-SHOWCASE-F1-SCHEDULE-UNIT,Dwelling · schedule only,residential,DEMO-3D-REFERENCE-B02:1:UNIT:B02-SHOWCASE-F1-SCHEDULE-UNIT,,,schedule_only,synthetic
schedule-B02-SHOWCASE-F2-SCHEDULE-UNIT,B02,P02,B02-SHOWCASE-F2,Floor 2,2,DEMO-3D-REFERENCE-B02:2,B02-SHOWCASE-F2-SCHEDULE-UNIT,Dwelling · schedule only,residential,DEMO-3D-REFERENCE-B02:2:UNIT:B02-SHOWCASE-F2-SCHEDULE-UNIT,,,schedule_only,synthetic
schedule-B02-SHOWCASE-F3-SCHEDULE-UNIT,B02,P02,B02-SHOWCASE-F3,Floor 3,3,DEMO-3D-REFERENCE-B02:3,B02-SHOWCASE-F3-SCHEDULE-UNIT,Dwelling · schedule only,residential,DEMO-3D-REFERENCE-B02:3:UNIT:B02-SHOWCASE-F3-SCHEDULE-UNIT,,,schedule_only,synthetic
schedule-B02-SHOWCASE-F4-SCHEDULE-UNIT,B02,P02,B02-SHOWCASE-F4,Floor 4,4,DEMO-3D-REFERENCE-B02:4,B02-SHOWCASE-F4-SCHEDULE-UNIT,Dwelling · schedule only,residential,DEMO-3D-REFERENCE-B02:4:UNIT:B02-SHOWCASE-F4-SCHEDULE-UNIT,,,schedule_only,synthetic
schedule-B03-SHOWCASE-F0-SCHEDULE-UNIT,B03,P03,B03-SHOWCASE-F0,Ground floor,0,DEMO-3D-REFERENCE-B03:0,B03-SHOWCASE-F0-SCHEDULE-UNIT,Dwelling · schedule only,residential,DEMO-3D-REFERENCE-B03:0:UNIT:B03-SHOWCASE-F0-SCHEDULE-UNIT,,,schedule_only,synthetic
schedule-B03-SHOWCASE-F1-SCHEDULE-UNIT,B03,P03,B03-SHOWCASE-F1,Floor 1,1,DEMO-3D-REFERENCE-B03:1,B03-SHOWCASE-F1-SCHEDULE-UNIT,Dwelling · schedule only,residential,DEMO-3D-REFERENCE-B03:1:UNIT:B03-SHOWCASE-F1-SCHEDULE-UNIT,,,schedule_only,synthetic
schedule-B03-SHOWCASE-F2-SCHEDULE-UNIT,B03,P03,B03-SHOWCASE-F2,Floor 2,2,DEMO-3D-REFERENCE-B03:2,B03-SHOWCASE-F2-SCHEDULE-UNIT,Dwelling · schedule only,residential,DEMO-3D-REFERENCE-B03:2:UNIT:B03-SHOWCASE-F2-SCHEDULE-UNIT,,,schedule_only,synthetic
schedule-B03-SHOWCASE-F3-SCHEDULE-UNIT,B03,P03,B03-SHOWCASE-F3,Floor 3,3,DEMO-3D-REFERENCE-B03:3,B03-SHOWCASE-F3-SCHEDULE-UNIT,Dwelling · schedule only,residential,DEMO-3D-REFERENCE-B03:3:UNIT:B03-SHOWCASE-F3-SCHEDULE-UNIT,,,schedule_only,synthetic
schedule-B04-SHOWCASE-F0-SCHEDULE-UNIT,B04,P04,B04-SHOWCASE-F0,Ground floor,0,DEMO-3D-REFERENCE-B04:0,B04-SHOWCASE-F0-SCHEDULE-UNIT,Dwelling · schedule only,residential,DEMO-3D-REFERENCE-B04:0:UNIT:B04-SHOWCASE-F0-SCHEDULE-UNIT,,,schedule_only,synthetic
schedule-B04-SHOWCASE-F1-SCHEDULE-UNIT,B04,P04,B04-SHOWCASE-F1,Floor 1,1,DEMO-3D-REFERENCE-B04:1,B04-SHOWCASE-F1-SCHEDULE-UNIT,Dwelling · schedule only,residential,DEMO-3D-REFERENCE-B04:1:UNIT:B04-SHOWCASE-F1-SCHEDULE-UNIT,,,schedule_only,synthetic
schedule-B04-SHOWCASE-F2-SCHEDULE-UNIT,B04,P04,B04-SHOWCASE-F2,Floor 2,2,DEMO-3D-REFERENCE-B04:2,B04-SHOWCASE-F2-SCHEDULE-UNIT,Dwelling · schedule only,residential,DEMO-3D-REFERENCE-B04:2:UNIT:B04-SHOWCASE-F2-SCHEDULE-UNIT,,,schedule_only,synthetic
schedule-B04-SHOWCASE-F3-SCHEDULE-UNIT,B04,P04,B04-SHOWCASE-F3,Floor 3,3,DEMO-3D-REFERENCE-B04:3,B04-SHOWCASE-F3-SCHEDULE-UNIT,Dwelling · schedule only,residential,DEMO-3D-REFERENCE-B04:3:UNIT:B04-SHOWCASE-F3-SCHEDULE-UNIT,,,schedule_only,synthetic
schedule-B04-SHOWCASE-F4-SCHEDULE-UNIT,B04,P04,B04-SHOWCASE-F4,Floor 4,4,DEMO-3D-REFERENCE-B04:4,B04-SHOWCASE-F4-SCHEDULE-UNIT,Dwelling · schedule only,residential,DEMO-3D-REFERENCE-B04:4:UNIT:B04-SHOWCASE-F4-SCHEDULE-UNIT,,,schedule_only,synthetic
schedule-B04-SHOWCASE-F5-SCHEDULE-UNIT,B04,P04,B04-SHOWCASE-F5,Floor 5,5,DEMO-3D-REFERENCE-B04:5,B04-SHOWCASE-F5-SCHEDULE-UNIT,Dwelling · schedule only,residential,DEMO-3D-REFERENCE-B04:5:UNIT:B04-SHOWCASE-F5-SCHEDULE-UNIT,,,schedule_only,synthetic
schedule-B05-SHOWCASE-F0-SCHEDULE-UNIT,B05,P05,B05-SHOWCASE-F0,Ground floor,0,DEMO-3D-REFERENCE-B05:0,B05-SHOWCASE-F0-SCHEDULE-UNIT,Dwelling · schedule only,residential,DEMO-3D-REFERENCE-B05:0:UNIT:B05-SHOWCASE-F0-SCHEDULE-UNIT,,,schedule_only,synthetic
schedule-B05-SHOWCASE-F1-SCHEDULE-UNIT,B05,P05,B05-SHOWCASE-F1,Floor 1,1,DEMO-3D-REFERENCE-B05:1,B05-SHOWCASE-F1-SCHEDULE-UNIT,Dwelling · schedule only,residential,DEMO-3D-REFERENCE-B05:1:UNIT:B05-SHOWCASE-F1-SCHEDULE-UNIT,,,schedule_only,synthetic
schedule-B05-SHOWCASE-F2-SCHEDULE-UNIT,B05,P05,B05-SHOWCASE-F2,Floor 2,2,DEMO-3D-REFERENCE-B05:2,B05-SHOWCASE-F2-SCHEDULE-UNIT,Dwelling · schedule only,residential,DEMO-3D-REFERENCE-B05:2:UNIT:B05-SHOWCASE-F2-SCHEDULE-UNIT,,,schedule_only,synthetic
schedule-B06-SHOWCASE-F0-SCHEDULE-UNIT,B06,P06,B06-SHOWCASE-F0,Ground floor,0,DEMO-3D-REFERENCE-B06:0,B06-SHOWCASE-F0-SCHEDULE-UNIT,Dwelling · schedule only,residential,DEMO-3D-REFERENCE-B06:0:UNIT:B06-SHOWCASE-F0-SCHEDULE-UNIT,,,schedule_only,synthetic
schedule-B06-SHOWCASE-F1-SCHEDULE-UNIT,B06,P06,B06-SHOWCASE-F1,Floor 1,1,DEMO-3D-REFERENCE-B06:1,B06-SHOWCASE-F1-SCHEDULE-UNIT,Dwelling · schedule only,residential,DEMO-3D-REFERENCE-B06:1:UNIT:B06-SHOWCASE-F1-SCHEDULE-UNIT,,,schedule_only,synthetic
schedule-B06-SHOWCASE-F2-SCHEDULE-UNIT,B06,P06,B06-SHOWCASE-F2,Floor 2,2,DEMO-3D-REFERENCE-B06:2,B06-SHOWCASE-F2-SCHEDULE-UNIT,Dwelling · schedule only,residential,DEMO-3D-REFERENCE-B06:2:UNIT:B06-SHOWCASE-F2-SCHEDULE-UNIT,,,schedule_only,synthetic
schedule-B06-SHOWCASE-F3-SCHEDULE-UNIT,B06,P06,B06-SHOWCASE-F3,Floor 3,3,DEMO-3D-REFERENCE-B06:3,B06-SHOWCASE-F3-SCHEDULE-UNIT,Dwelling · schedule only,residential,DEMO-3D-REFERENCE-B06:3:UNIT:B06-SHOWCASE-F3-SCHEDULE-UNIT,,,schedule_only,synthetic
schedule-B07-SHOWCASE-F0-SCHEDULE-UNIT,B07,P07,B07-SHOWCASE-F0,Ground floor,0,DEMO-3D-REFERENCE-B07:0,B07-SHOWCASE-F0-SCHEDULE-UNIT,Dwelling · schedule only,residential,DEMO-3D-REFERENCE-B07:0:UNIT:B07-SHOWCASE-F0-SCHEDULE-UNIT,,,schedule_only,synthetic
schedule-B07-SHOWCASE-F1-SCHEDULE-UNIT,B07,P07,B07-SHOWCASE-F1,Floor 1,1,DEMO-3D-REFERENCE-B07:1,B07-SHOWCASE-F1-SCHEDULE-UNIT,Dwelling · schedule only,residential,DEMO-3D-REFERENCE-B07:1:UNIT:B07-SHOWCASE-F1-SCHEDULE-UNIT,,,schedule_only,synthetic
schedule-B07-SHOWCASE-F2-SCHEDULE-UNIT,B07,P07,B07-SHOWCASE-F2,Floor 2,2,DEMO-3D-REFERENCE-B07:2,B07-SHOWCASE-F2-SCHEDULE-UNIT,Dwelling · schedule only,residential,DEMO-3D-REFERENCE-B07:2:UNIT:B07-SHOWCASE-F2-SCHEDULE-UNIT,,,schedule_only,synthetic
schedule-B07-SHOWCASE-F3-SCHEDULE-UNIT,B07,P07,B07-SHOWCASE-F3,Floor 3,3,DEMO-3D-REFERENCE-B07:3,B07-SHOWCASE-F3-SCHEDULE-UNIT,Dwelling · schedule only,residential,DEMO-3D-REFERENCE-B07:3:UNIT:B07-SHOWCASE-F3-SCHEDULE-UNIT,,,schedule_only,synthetic
schedule-B07-SHOWCASE-F4-SCHEDULE-UNIT,B07,P07,B07-SHOWCASE-F4,Floor 4,4,DEMO-3D-REFERENCE-B07:4,B07-SHOWCASE-F4-SCHEDULE-UNIT,Dwelling · schedule only,residential,DEMO-3D-REFERENCE-B07:4:UNIT:B07-SHOWCASE-F4-SCHEDULE-UNIT,,,schedule_only,synthetic
schedule-B08-SHOWCASE-F0-SCHEDULE-UNIT,B08,P08,B08-SHOWCASE-F0,Ground floor,0,DEMO-3D-REFERENCE-B08:0,B08-SHOWCASE-F0-SCHEDULE-UNIT,Dwelling · schedule only,residential,DEMO-3D-REFERENCE-B08:0:UNIT:B08-SHOWCASE-F0-SCHEDULE-UNIT,,,schedule_only,synthetic
schedule-B08-SHOWCASE-F1-SCHEDULE-UNIT,B08,P08,B08-SHOWCASE-F1,Floor 1,1,DEMO-3D-REFERENCE-B08:1,B08-SHOWCASE-F1-SCHEDULE-UNIT,Dwelling · schedule only,residential,DEMO-3D-REFERENCE-B08:1:UNIT:B08-SHOWCASE-F1-SCHEDULE-UNIT,,,schedule_only,synthetic
schedule-B08-SHOWCASE-F2-SCHEDULE-UNIT,B08,P08,B08-SHOWCASE-F2,Floor 2,2,DEMO-3D-REFERENCE-B08:2,B08-SHOWCASE-F2-SCHEDULE-UNIT,Dwelling · schedule only,residential,DEMO-3D-REFERENCE-B08:2:UNIT:B08-SHOWCASE-F2-SCHEDULE-UNIT,,,schedule_only,synthetic
schedule-B08-SHOWCASE-F3-SCHEDULE-UNIT,B08,P08,B08-SHOWCASE-F3,Floor 3,3,DEMO-3D-REFERENCE-B08:3,B08-SHOWCASE-F3-SCHEDULE-UNIT,Dwelling · schedule only,residential,DEMO-3D-REFERENCE-B08:3:UNIT:B08-SHOWCASE-F3-SCHEDULE-UNIT,,,schedule_only,synthetic
schedule-B09-SHOWCASE-F0-SCHEDULE-UNIT,B09,P09,B09-SHOWCASE-F0,Ground floor,0,DEMO-3D-REFERENCE-B09:0,B09-SHOWCASE-F0-SCHEDULE-UNIT,Dwelling · schedule only,residential,DEMO-3D-REFERENCE-B09:0:UNIT:B09-SHOWCASE-F0-SCHEDULE-UNIT,,,schedule_only,synthetic
schedule-B09-SHOWCASE-F1-SCHEDULE-UNIT,B09,P09,B09-SHOWCASE-F1,Floor 1,1,DEMO-3D-REFERENCE-B09:1,B09-SHOWCASE-F1-SCHEDULE-UNIT,Dwelling · schedule only,residential,DEMO-3D-REFERENCE-B09:1:UNIT:B09-SHOWCASE-F1-SCHEDULE-UNIT,,,schedule_only,synthetic
schedule-B09-SHOWCASE-F2-SCHEDULE-UNIT,B09,P09,B09-SHOWCASE-F2,Floor 2,2,DEMO-3D-REFERENCE-B09:2,B09-SHOWCASE-F2-SCHEDULE-UNIT,Dwelling · schedule only,residential,DEMO-3D-REFERENCE-B09:2:UNIT:B09-SHOWCASE-F2-SCHEDULE-UNIT,,,schedule_only,synthetic
schedule-B09-SHOWCASE-F3-SCHEDULE-UNIT,B09,P09,B09-SHOWCASE-F3,Floor 3,3,DEMO-3D-REFERENCE-B09:3,B09-SHOWCASE-F3-SCHEDULE-UNIT,Dwelling · schedule only,residential,DEMO-3D-REFERENCE-B09:3:UNIT:B09-SHOWCASE-F3-SCHEDULE-UNIT,,,schedule_only,synthetic
schedule-B09-SHOWCASE-F4-SCHEDULE-UNIT,B09,P09,B09-SHOWCASE-F4,Floor 4,4,DEMO-3D-REFERENCE-B09:4,B09-SHOWCASE-F4-SCHEDULE-UNIT,Dwelling · schedule only,residential,DEMO-3D-REFERENCE-B09:4:UNIT:B09-SHOWCASE-F4-SCHEDULE-UNIT,,,schedule_only,synthetic
schedule-B09-SHOWCASE-F5-SCHEDULE-UNIT,B09,P09,B09-SHOWCASE-F5,Floor 5,5,DEMO-3D-REFERENCE-B09:5,B09-SHOWCASE-F5-SCHEDULE-UNIT,Dwelling · schedule only,residential,DEMO-3D-REFERENCE-B09:5:UNIT:B09-SHOWCASE-F5-SCHEDULE-UNIT,,,schedule_only,synthetic
schedule-B10-SHOWCASE-F0-SCHEDULE-UNIT,B10,P10,B10-SHOWCASE-F0,Ground floor,0,DEMO-3D-REFERENCE-B10:0,B10-SHOWCASE-F0-SCHEDULE-UNIT,Dwelling · schedule only,residential,DEMO-3D-REFERENCE-B10:0:UNIT:B10-SHOWCASE-F0-SCHEDULE-UNIT,,,schedule_only,synthetic
schedule-B10-SHOWCASE-F1-SCHEDULE-UNIT,B10,P10,B10-SHOWCASE-F1,Floor 1,1,DEMO-3D-REFERENCE-B10:1,B10-SHOWCASE-F1-SCHEDULE-UNIT,Dwelling · schedule only,residential,DEMO-3D-REFERENCE-B10:1:UNIT:B10-SHOWCASE-F1-SCHEDULE-UNIT,,,schedule_only,synthetic
schedule-B10-SHOWCASE-F2-SCHEDULE-UNIT,B10,P10,B10-SHOWCASE-F2,Floor 2,2,DEMO-3D-REFERENCE-B10:2,B10-SHOWCASE-F2-SCHEDULE-UNIT,Dwelling · schedule only,residential,DEMO-3D-REFERENCE-B10:2:UNIT:B10-SHOWCASE-F2-SCHEDULE-UNIT,,,schedule_only,synthetic
schedule-B11-SHOWCASE-F0-SCHEDULE-UNIT,B11,P11,B11-SHOWCASE-F0,Ground floor,0,DEMO-3D-REFERENCE-B11:0,B11-SHOWCASE-F0-SCHEDULE-UNIT,Dwelling · schedule only,residential,DEMO-3D-REFERENCE-B11:0:UNIT:B11-SHOWCASE-F0-SCHEDULE-UNIT,,,schedule_only,synthetic
schedule-B11-SHOWCASE-F1-SCHEDULE-UNIT,B11,P11,B11-SHOWCASE-F1,Floor 1,1,DEMO-3D-REFERENCE-B11:1,B11-SHOWCASE-F1-SCHEDULE-UNIT,Dwelling · schedule only,residential,DEMO-3D-REFERENCE-B11:1:UNIT:B11-SHOWCASE-F1-SCHEDULE-UNIT,,,schedule_only,synthetic
schedule-B11-SHOWCASE-F2-SCHEDULE-UNIT,B11,P11,B11-SHOWCASE-F2,Floor 2,2,DEMO-3D-REFERENCE-B11:2,B11-SHOWCASE-F2-SCHEDULE-UNIT,Dwelling · schedule only,residential,DEMO-3D-REFERENCE-B11:2:UNIT:B11-SHOWCASE-F2-SCHEDULE-UNIT,,,schedule_only,synthetic
schedule-B11-SHOWCASE-F3-SCHEDULE-UNIT,B11,P11,B11-SHOWCASE-F3,Floor 3,3,DEMO-3D-REFERENCE-B11:3,B11-SHOWCASE-F3-SCHEDULE-UNIT,Dwelling · schedule only,residential,DEMO-3D-REFERENCE-B11:3:UNIT:B11-SHOWCASE-F3-SCHEDULE-UNIT,,,schedule_only,synthetic
schedule-B12-SHOWCASE-F0-SCHEDULE-UNIT,B12,P12,B12-SHOWCASE-F0,Ground floor,0,DEMO-3D-REFERENCE-B12:0,B12-SHOWCASE-F0-SCHEDULE-UNIT,Dwelling · schedule only,residential,DEMO-3D-REFERENCE-B12:0:UNIT:B12-SHOWCASE-F0-SCHEDULE-UNIT,,,schedule_only,synthetic
schedule-B13-SHOWCASE-F0-SCHEDULE-UNIT,B13,P13,B13-SHOWCASE-F0,Ground floor,0,DEMO-3D-REFERENCE-B13:0,B13-SHOWCASE-F0-SCHEDULE-UNIT,Dwelling · schedule only,residential,DEMO-3D-REFERENCE-B13:0:UNIT:B13-SHOWCASE-F0-SCHEDULE-UNIT,,,schedule_only,synthetic
schedule-B13-SHOWCASE-F1-SCHEDULE-UNIT,B13,P13,B13-SHOWCASE-F1,Floor 1,1,DEMO-3D-REFERENCE-B13:1,B13-SHOWCASE-F1-SCHEDULE-UNIT,Dwelling · schedule only,residential,DEMO-3D-REFERENCE-B13:1:UNIT:B13-SHOWCASE-F1-SCHEDULE-UNIT,,,schedule_only,synthetic
schedule-B13-SHOWCASE-F2-SCHEDULE-UNIT,B13,P13,B13-SHOWCASE-F2,Floor 2,2,DEMO-3D-REFERENCE-B13:2,B13-SHOWCASE-F2-SCHEDULE-UNIT,Dwelling · schedule only,residential,DEMO-3D-REFERENCE-B13:2:UNIT:B13-SHOWCASE-F2-SCHEDULE-UNIT,,,schedule_only,synthetic
schedule-B13-SHOWCASE-F3-SCHEDULE-UNIT,B13,P13,B13-SHOWCASE-F3,Floor 3,3,DEMO-3D-REFERENCE-B13:3,B13-SHOWCASE-F3-SCHEDULE-UNIT,Dwelling · schedule only,residential,DEMO-3D-REFERENCE-B13:3:UNIT:B13-SHOWCASE-F3-SCHEDULE-UNIT,,,schedule_only,synthetic
schedule-B14-SHOWCASE-F0-SCHEDULE-UNIT,B14,P14,B14-SHOWCASE-F0,Ground floor,0,DEMO-3D-REFERENCE-B14:0,B14-SHOWCASE-F0-SCHEDULE-UNIT,Dwelling · schedule only,residential,DEMO-3D-REFERENCE-B14:0:UNIT:B14-SHOWCASE-F0-SCHEDULE-UNIT,,,schedule_only,synthetic
schedule-B14-SHOWCASE-F1-SCHEDULE-UNIT,B14,P14,B14-SHOWCASE-F1,Floor 1,1,DEMO-3D-REFERENCE-B14:1,B14-SHOWCASE-F1-SCHEDULE-UNIT,Dwelling · schedule only,residential,DEMO-3D-REFERENCE-B14:1:UNIT:B14-SHOWCASE-F1-SCHEDULE-UNIT,,,schedule_only,synthetic
schedule-B14-SHOWCASE-F2-SCHEDULE-UNIT,B14,P14,B14-SHOWCASE-F2,Floor 2,2,DEMO-3D-REFERENCE-B14:2,B14-SHOWCASE-F2-SCHEDULE-UNIT,Dwelling · schedule only,residential,DEMO-3D-REFERENCE-B14:2:UNIT:B14-SHOWCASE-F2-SCHEDULE-UNIT,,,schedule_only,synthetic
schedule-B14-SHOWCASE-F3-SCHEDULE-UNIT,B14,P14,B14-SHOWCASE-F3,Floor 3,3,DEMO-3D-REFERENCE-B14:3,B14-SHOWCASE-F3-SCHEDULE-UNIT,Dwelling · schedule only,residential,DEMO-3D-REFERENCE-B14:3:UNIT:B14-SHOWCASE-F3-SCHEDULE-UNIT,,,schedule_only,synthetic
schedule-B14-SHOWCASE-F4-SCHEDULE-UNIT,B14,P14,B14-SHOWCASE-F4,Floor 4,4,DEMO-3D-REFERENCE-B14:4,B14-SHOWCASE-F4-SCHEDULE-UNIT,Dwelling · schedule only,residential,DEMO-3D-REFERENCE-B14:4:UNIT:B14-SHOWCASE-F4-SCHEDULE-UNIT,,,schedule_only,synthetic
schedule-B14-SHOWCASE-F5-SCHEDULE-UNIT,B14,P14,B14-SHOWCASE-F5,Floor 5,5,DEMO-3D-REFERENCE-B14:5,B14-SHOWCASE-F5-SCHEDULE-UNIT,Dwelling · schedule only,residential,DEMO-3D-REFERENCE-B14:5:UNIT:B14-SHOWCASE-F5-SCHEDULE-UNIT,,,schedule_only,synthetic
schedule-B15-SHOWCASE-F0-SCHEDULE-UNIT,B15,P15,B15-SHOWCASE-F0,Ground floor,0,DEMO-3D-REFERENCE-B15:0,B15-SHOWCASE-F0-SCHEDULE-UNIT,Dwelling · schedule only,residential,DEMO-3D-REFERENCE-B15:0:UNIT:B15-SHOWCASE-F0-SCHEDULE-UNIT,,,schedule_only,synthetic
schedule-B15-SHOWCASE-F1-SCHEDULE-UNIT,B15,P15,B15-SHOWCASE-F1,Floor 1,1,DEMO-3D-REFERENCE-B15:1,B15-SHOWCASE-F1-SCHEDULE-UNIT,Dwelling · schedule only,residential,DEMO-3D-REFERENCE-B15:1:UNIT:B15-SHOWCASE-F1-SCHEDULE-UNIT,,,schedule_only,synthetic
schedule-B15-SHOWCASE-F2-SCHEDULE-UNIT,B15,P15,B15-SHOWCASE-F2,Floor 2,2,DEMO-3D-REFERENCE-B15:2,B15-SHOWCASE-F2-SCHEDULE-UNIT,Dwelling · schedule only,residential,DEMO-3D-REFERENCE-B15:2:UNIT:B15-SHOWCASE-F2-SCHEDULE-UNIT,,,schedule_only,synthetic
schedule-B16-SHOWCASE-F0-SCHEDULE-UNIT,B16,P16,B16-SHOWCASE-F0,Ground floor,0,DEMO-3D-REFERENCE-B16:0,B16-SHOWCASE-F0-SCHEDULE-UNIT,Dwelling · schedule only,residential,DEMO-3D-REFERENCE-B16:0:UNIT:B16-SHOWCASE-F0-SCHEDULE-UNIT,,,schedule_only,synthetic
schedule-B16-SHOWCASE-F1-SCHEDULE-UNIT,B16,P16,B16-SHOWCASE-F1,Floor 1,1,DEMO-3D-REFERENCE-B16:1,B16-SHOWCASE-F1-SCHEDULE-UNIT,Dwelling · schedule only,residential,DEMO-3D-REFERENCE-B16:1:UNIT:B16-SHOWCASE-F1-SCHEDULE-UNIT,,,schedule_only,synthetic
schedule-B16-SHOWCASE-F2-SCHEDULE-UNIT,B16,P16,B16-SHOWCASE-F2,Floor 2,2,DEMO-3D-REFERENCE-B16:2,B16-SHOWCASE-F2-SCHEDULE-UNIT,Dwelling · schedule only,residential,DEMO-3D-REFERENCE-B16:2:UNIT:B16-SHOWCASE-F2-SCHEDULE-UNIT,,,schedule_only,synthetic
schedule-B16-SHOWCASE-F3-SCHEDULE-UNIT,B16,P16,B16-SHOWCASE-F3,Floor 3,3,DEMO-3D-REFERENCE-B16:3,B16-SHOWCASE-F3-SCHEDULE-UNIT,Dwelling · schedule only,residential,DEMO-3D-REFERENCE-B16:3:UNIT:B16-SHOWCASE-F3-SCHEDULE-UNIT,,,schedule_only,synthetic
schedule-B17-SHOWCASE-F0-SCHEDULE-UNIT,B17,P17,B17-SHOWCASE-F0,Ground floor,0,DEMO-3D-REFERENCE-B17:0,B17-SHOWCASE-F0-SCHEDULE-UNIT,Dwelling · schedule only,residential,DEMO-3D-REFERENCE-B17:0:UNIT:B17-SHOWCASE-F0-SCHEDULE-UNIT,,,schedule_only,synthetic
schedule-B17-SHOWCASE-F1-SCHEDULE-UNIT,B17,P17,B17-SHOWCASE-F1,Floor 1,1,DEMO-3D-REFERENCE-B17:1,B17-SHOWCASE-F1-SCHEDULE-UNIT,Dwelling · schedule only,residential,DEMO-3D-REFERENCE-B17:1:UNIT:B17-SHOWCASE-F1-SCHEDULE-UNIT,,,schedule_only,synthetic
schedule-B17-SHOWCASE-F2-SCHEDULE-UNIT,B17,P17,B17-SHOWCASE-F2,Floor 2,2,DEMO-3D-REFERENCE-B17:2,B17-SHOWCASE-F2-SCHEDULE-UNIT,Dwelling · schedule only,residential,DEMO-3D-REFERENCE-B17:2:UNIT:B17-SHOWCASE-F2-SCHEDULE-UNIT,,,schedule_only,synthetic
schedule-B17-SHOWCASE-F3-SCHEDULE-UNIT,B17,P17,B17-SHOWCASE-F3,Floor 3,3,DEMO-3D-REFERENCE-B17:3,B17-SHOWCASE-F3-SCHEDULE-UNIT,Dwelling · schedule only,residential,DEMO-3D-REFERENCE-B17:3:UNIT:B17-SHOWCASE-F3-SCHEDULE-UNIT,,,schedule_only,synthetic
schedule-B17-SHOWCASE-F4-SCHEDULE-UNIT,B17,P17,B17-SHOWCASE-F4,Floor 4,4,DEMO-3D-REFERENCE-B17:4,B17-SHOWCASE-F4-SCHEDULE-UNIT,Dwelling · schedule only,residential,DEMO-3D-REFERENCE-B17:4:UNIT:B17-SHOWCASE-F4-SCHEDULE-UNIT,,,schedule_only,synthetic
schedule-B18-SHOWCASE-F0-SCHEDULE-UNIT,B18,P18,B18-SHOWCASE-F0,Ground floor,0,DEMO-3D-REFERENCE-B18:0,B18-SHOWCASE-F0-SCHEDULE-UNIT,Dwelling · schedule only,residential,DEMO-3D-REFERENCE-B18:0:UNIT:B18-SHOWCASE-F0-SCHEDULE-UNIT,,,schedule_only,synthetic
schedule-B18-SHOWCASE-F1-SCHEDULE-UNIT,B18,P18,B18-SHOWCASE-F1,Floor 1,1,DEMO-3D-REFERENCE-B18:1,B18-SHOWCASE-F1-SCHEDULE-UNIT,Dwelling · schedule only,residential,DEMO-3D-REFERENCE-B18:1:UNIT:B18-SHOWCASE-F1-SCHEDULE-UNIT,,,schedule_only,synthetic
schedule-B18-SHOWCASE-F2-SCHEDULE-UNIT,B18,P18,B18-SHOWCASE-F2,Floor 2,2,DEMO-3D-REFERENCE-B18:2,B18-SHOWCASE-F2-SCHEDULE-UNIT,Dwelling · schedule only,residential,DEMO-3D-REFERENCE-B18:2:UNIT:B18-SHOWCASE-F2-SCHEDULE-UNIT,,,schedule_only,synthetic
schedule-B18-SHOWCASE-F3-SCHEDULE-UNIT,B18,P18,B18-SHOWCASE-F3,Floor 3,3,DEMO-3D-REFERENCE-B18:3,B18-SHOWCASE-F3-SCHEDULE-UNIT,Dwelling · schedule only,residential,DEMO-3D-REFERENCE-B18:3:UNIT:B18-SHOWCASE-F3-SCHEDULE-UNIT,,,schedule_only,synthetic
schedule-B19-SHOWCASE-F0-SCHEDULE-UNIT,B19,P19,B19-SHOWCASE-F0,Ground floor,0,DEMO-3D-REFERENCE-B19:0,B19-SHOWCASE-F0-SCHEDULE-UNIT,Dwelling · schedule only,residential,DEMO-3D-REFERENCE-B19:0:UNIT:B19-SHOWCASE-F0-SCHEDULE-UNIT,,,schedule_only,synthetic
schedule-B19-SHOWCASE-F1-SCHEDULE-UNIT,B19,P19,B19-SHOWCASE-F1,Floor 1,1,DEMO-3D-REFERENCE-B19:1,B19-SHOWCASE-F1-SCHEDULE-UNIT,Dwelling · schedule only,residential,DEMO-3D-REFERENCE-B19:1:UNIT:B19-SHOWCASE-F1-SCHEDULE-UNIT,,,schedule_only,synthetic
schedule-B19-SHOWCASE-F2-SCHEDULE-UNIT,B19,P19,B19-SHOWCASE-F2,Floor 2,2,DEMO-3D-REFERENCE-B19:2,B19-SHOWCASE-F2-SCHEDULE-UNIT,Dwelling · schedule only,residential,DEMO-3D-REFERENCE-B19:2:UNIT:B19-SHOWCASE-F2-SCHEDULE-UNIT,,,schedule_only,synthetic
schedule-B19-SHOWCASE-F3-SCHEDULE-UNIT,B19,P19,B19-SHOWCASE-F3,Floor 3,3,DEMO-3D-REFERENCE-B19:3,B19-SHOWCASE-F3-SCHEDULE-UNIT,Dwelling · schedule only,residential,DEMO-3D-REFERENCE-B19:3:UNIT:B19-SHOWCASE-F3-SCHEDULE-UNIT,,,schedule_only,synthetic
schedule-B19-SHOWCASE-F4-SCHEDULE-UNIT,B19,P19,B19-SHOWCASE-F4,Floor 4,4,DEMO-3D-REFERENCE-B19:4,B19-SHOWCASE-F4-SCHEDULE-UNIT,Dwelling · schedule only,residential,DEMO-3D-REFERENCE-B19:4:UNIT:B19-SHOWCASE-F4-SCHEDULE-UNIT,,,schedule_only,synthetic
schedule-B19-SHOWCASE-F5-SCHEDULE-UNIT,B19,P19,B19-SHOWCASE-F5,Floor 5,5,DEMO-3D-REFERENCE-B19:5,B19-SHOWCASE-F5-SCHEDULE-UNIT,Dwelling · schedule only,residential,DEMO-3D-REFERENCE-B19:5:UNIT:B19-SHOWCASE-F5-SCHEDULE-UNIT,,,schedule_only,synthetic
schedule-B20-SHOWCASE-F0-SCHEDULE-UNIT,B20,P20,B20-SHOWCASE-F0,Ground floor,0,DEMO-3D-REFERENCE-B20:0,B20-SHOWCASE-F0-SCHEDULE-UNIT,Dwelling · schedule only,residential,DEMO-3D-REFERENCE-B20:0:UNIT:B20-SHOWCASE-F0-SCHEDULE-UNIT,,,schedule_only,synthetic
schedule-B20-SHOWCASE-F1-SCHEDULE-UNIT,B20,P20,B20-SHOWCASE-F1,Floor 1,1,DEMO-3D-REFERENCE-B20:1,B20-SHOWCASE-F1-SCHEDULE-UNIT,Dwelling · schedule only,residential,DEMO-3D-REFERENCE-B20:1:UNIT:B20-SHOWCASE-F1-SCHEDULE-UNIT,,,schedule_only,synthetic
schedule-B20-SHOWCASE-F2-SCHEDULE-UNIT,B20,P20,B20-SHOWCASE-F2,Floor 2,2,DEMO-3D-REFERENCE-B20:2,B20-SHOWCASE-F2-SCHEDULE-UNIT,Dwelling · schedule only,residential,DEMO-3D-REFERENCE-B20:2:UNIT:B20-SHOWCASE-F2-SCHEDULE-UNIT,,,schedule_only,synthetic
schedule-B21-SHOWCASE-F0-SCHEDULE-UNIT,B21,P21,B21-SHOWCASE-F0,Ground floor,0,DEMO-3D-REFERENCE-B21:0,B21-SHOWCASE-F0-SCHEDULE-UNIT,Dwelling · schedule only,residential,DEMO-3D-REFERENCE-B21:0:UNIT:B21-SHOWCASE-F0-SCHEDULE-UNIT,,,schedule_only,synthetic
schedule-B21-SHOWCASE-F1-SCHEDULE-UNIT,B21,P21,B21-SHOWCASE-F1,Floor 1,1,DEMO-3D-REFERENCE-B21:1,B21-SHOWCASE-F1-SCHEDULE-UNIT,Dwelling · schedule only,residential,DEMO-3D-REFERENCE-B21:1:UNIT:B21-SHOWCASE-F1-SCHEDULE-UNIT,,,schedule_only,synthetic
schedule-B21-SHOWCASE-F2-SCHEDULE-UNIT,B21,P21,B21-SHOWCASE-F2,Floor 2,2,DEMO-3D-REFERENCE-B21:2,B21-SHOWCASE-F2-SCHEDULE-UNIT,Dwelling · schedule only,residential,DEMO-3D-REFERENCE-B21:2:UNIT:B21-SHOWCASE-F2-SCHEDULE-UNIT,,,schedule_only,synthetic
schedule-B21-SHOWCASE-F3-SCHEDULE-UNIT,B21,P21,B21-SHOWCASE-F3,Floor 3,3,DEMO-3D-REFERENCE-B21:3,B21-SHOWCASE-F3-SCHEDULE-UNIT,Dwelling · schedule only,residential,DEMO-3D-REFERENCE-B21:3:UNIT:B21-SHOWCASE-F3-SCHEDULE-UNIT,,,schedule_only,synthetic
schedule-B22-SHOWCASE-F0-SCHEDULE-UNIT,B22,P22,B22-SHOWCASE-F0,Ground floor,0,DEMO-3D-REFERENCE-B22:0,B22-SHOWCASE-F0-SCHEDULE-UNIT,Dwelling · schedule only,residential,DEMO-3D-REFERENCE-B22:0:UNIT:B22-SHOWCASE-F0-SCHEDULE-UNIT,,,schedule_only,synthetic
schedule-B22-SHOWCASE-F1-SCHEDULE-UNIT,B22,P22,B22-SHOWCASE-F1,Floor 1,1,DEMO-3D-REFERENCE-B22:1,B22-SHOWCASE-F1-SCHEDULE-UNIT,Dwelling · schedule only,residential,DEMO-3D-REFERENCE-B22:1:UNIT:B22-SHOWCASE-F1-SCHEDULE-UNIT,,,schedule_only,synthetic
schedule-B22-SHOWCASE-F2-SCHEDULE-UNIT,B22,P22,B22-SHOWCASE-F2,Floor 2,2,DEMO-3D-REFERENCE-B22:2,B22-SHOWCASE-F2-SCHEDULE-UNIT,Dwelling · schedule only,residential,DEMO-3D-REFERENCE-B22:2:UNIT:B22-SHOWCASE-F2-SCHEDULE-UNIT,,,schedule_only,synthetic
schedule-B22-SHOWCASE-F3-SCHEDULE-UNIT,B22,P22,B22-SHOWCASE-F3,Floor 3,3,DEMO-3D-REFERENCE-B22:3,B22-SHOWCASE-F3-SCHEDULE-UNIT,Dwelling · schedule only,residential,DEMO-3D-REFERENCE-B22:3:UNIT:B22-SHOWCASE-F3-SCHEDULE-UNIT,,,schedule_only,synthetic
schedule-B22-SHOWCASE-F4-SCHEDULE-UNIT,B22,P22,B22-SHOWCASE-F4,Floor 4,4,DEMO-3D-REFERENCE-B22:4,B22-SHOWCASE-F4-SCHEDULE-UNIT,Dwelling · schedule only,residential,DEMO-3D-REFERENCE-B22:4:UNIT:B22-SHOWCASE-F4-SCHEDULE-UNIT,,,schedule_only,synthetic
schedule-B23-SHOWCASE-F0-SCHEDULE-UNIT,B23,P23,B23-SHOWCASE-F0,Ground floor,0,DEMO-3D-REFERENCE-B23:0,B23-SHOWCASE-F0-SCHEDULE-UNIT,Dwelling · schedule only,residential,DEMO-3D-REFERENCE-B23:0:UNIT:B23-SHOWCASE-F0-SCHEDULE-UNIT,,,schedule_only,synthetic
schedule-B23-SHOWCASE-F1-SCHEDULE-UNIT,B23,P23,B23-SHOWCASE-F1,Floor 1,1,DEMO-3D-REFERENCE-B23:1,B23-SHOWCASE-F1-SCHEDULE-UNIT,Dwelling · schedule only,residential,DEMO-3D-REFERENCE-B23:1:UNIT:B23-SHOWCASE-F1-SCHEDULE-UNIT,,,schedule_only,synthetic
schedule-B23-SHOWCASE-F2-SCHEDULE-UNIT,B23,P23,B23-SHOWCASE-F2,Floor 2,2,DEMO-3D-REFERENCE-B23:2,B23-SHOWCASE-F2-SCHEDULE-UNIT,Dwelling · schedule only,residential,DEMO-3D-REFERENCE-B23:2:UNIT:B23-SHOWCASE-F2-SCHEDULE-UNIT,,,schedule_only,synthetic
schedule-B23-SHOWCASE-F3-SCHEDULE-UNIT,B23,P23,B23-SHOWCASE-F3,Floor 3,3,DEMO-3D-REFERENCE-B23:3,B23-SHOWCASE-F3-SCHEDULE-UNIT,Dwelling · schedule only,residential,DEMO-3D-REFERENCE-B23:3:UNIT:B23-SHOWCASE-F3-SCHEDULE-UNIT,,,schedule_only,synthetic
schedule-B24-SHOWCASE-F0-SCHEDULE-UNIT,B24,P24,B24-SHOWCASE-F0,Ground floor,0,DEMO-3D-REFERENCE-B24:0,B24-SHOWCASE-F0-SCHEDULE-UNIT,Dwelling · schedule only,residential,DEMO-3D-REFERENCE-B24:0:UNIT:B24-SHOWCASE-F0-SCHEDULE-UNIT,,,schedule_only,synthetic
schedule-B24-SHOWCASE-F1-SCHEDULE-UNIT,B24,P24,B24-SHOWCASE-F1,Floor 1,1,DEMO-3D-REFERENCE-B24:1,B24-SHOWCASE-F1-SCHEDULE-UNIT,Dwelling · schedule only,residential,DEMO-3D-REFERENCE-B24:1:UNIT:B24-SHOWCASE-F1-SCHEDULE-UNIT,,,schedule_only,synthetic
schedule-B24-SHOWCASE-F2-SCHEDULE-UNIT,B24,P24,B24-SHOWCASE-F2,Floor 2,2,DEMO-3D-REFERENCE-B24:2,B24-SHOWCASE-F2-SCHEDULE-UNIT,Dwelling · schedule only,residential,DEMO-3D-REFERENCE-B24:2:UNIT:B24-SHOWCASE-F2-SCHEDULE-UNIT,,,schedule_only,synthetic
schedule-B24-SHOWCASE-F3-SCHEDULE-UNIT,B24,P24,B24-SHOWCASE-F3,Floor 3,3,DEMO-3D-REFERENCE-B24:3,B24-SHOWCASE-F3-SCHEDULE-UNIT,Dwelling · schedule only,residential,DEMO-3D-REFERENCE-B24:3:UNIT:B24-SHOWCASE-F3-SCHEDULE-UNIT,,,schedule_only,synthetic
schedule-B24-SHOWCASE-F4-SCHEDULE-UNIT,B24,P24,B24-SHOWCASE-F4,Floor 4,4,DEMO-3D-REFERENCE-B24:4,B24-SHOWCASE-F4-SCHEDULE-UNIT,Dwelling · schedule only,residential,DEMO-3D-REFERENCE-B24:4:UNIT:B24-SHOWCASE-F4-SCHEDULE-UNIT,,,schedule_only,synthetic
schedule-B24-SHOWCASE-F5-SCHEDULE-UNIT,B24,P24,B24-SHOWCASE-F5,Floor 5,5,DEMO-3D-REFERENCE-B24:5,B24-SHOWCASE-F5-SCHEDULE-UNIT,Dwelling · schedule only,residential,DEMO-3D-REFERENCE-B24:5:UNIT:B24-SHOWCASE-F5-SCHEDULE-UNIT,,,schedule_only,synthetic
schedule-B25-SHOWCASE-F0-SCHEDULE-UNIT,B25,P25,B25-SHOWCASE-F0,Ground floor,0,DEMO-3D-REFERENCE-B25:0,B25-SHOWCASE-F0-SCHEDULE-UNIT,Dwelling · schedule only,residential,DEMO-3D-REFERENCE-B25:0:UNIT:B25-SHOWCASE-F0-SCHEDULE-UNIT,,,schedule_only,synthetic
schedule-B25-SHOWCASE-F1-SCHEDULE-UNIT,B25,P25,B25-SHOWCASE-F1,Floor 1,1,DEMO-3D-REFERENCE-B25:1,B25-SHOWCASE-F1-SCHEDULE-UNIT,Dwelling · schedule only,residential,DEMO-3D-REFERENCE-B25:1:UNIT:B25-SHOWCASE-F1-SCHEDULE-UNIT,,,schedule_only,synthetic
schedule-B25-SHOWCASE-F2-SCHEDULE-UNIT,B25,P25,B25-SHOWCASE-F2,Floor 2,2,DEMO-3D-REFERENCE-B25:2,B25-SHOWCASE-F2-SCHEDULE-UNIT,Dwelling · schedule only,residential,DEMO-3D-REFERENCE-B25:2:UNIT:B25-SHOWCASE-F2-SCHEDULE-UNIT,,,schedule_only,synthetic
schedule-B26-SHOWCASE-F0-SCHEDULE-UNIT,B26,P26,B26-SHOWCASE-F0,Ground floor,0,DEMO-3D-REFERENCE-B26:0,B26-SHOWCASE-F0-SCHEDULE-UNIT,Dwelling · schedule only,residential,DEMO-3D-REFERENCE-B26:0:UNIT:B26-SHOWCASE-F0-SCHEDULE-UNIT,,,schedule_only,synthetic
schedule-B26-SHOWCASE-F1-SCHEDULE-UNIT,B26,P26,B26-SHOWCASE-F1,Floor 1,1,DEMO-3D-REFERENCE-B26:1,B26-SHOWCASE-F1-SCHEDULE-UNIT,Dwelling · schedule only,residential,DEMO-3D-REFERENCE-B26:1:UNIT:B26-SHOWCASE-F1-SCHEDULE-UNIT,,,schedule_only,synthetic
schedule-B26-SHOWCASE-F2-SCHEDULE-UNIT,B26,P26,B26-SHOWCASE-F2,Floor 2,2,DEMO-3D-REFERENCE-B26:2,B26-SHOWCASE-F2-SCHEDULE-UNIT,Dwelling · schedule only,residential,DEMO-3D-REFERENCE-B26:2:UNIT:B26-SHOWCASE-F2-SCHEDULE-UNIT,,,schedule_only,synthetic
schedule-B26-SHOWCASE-F3-SCHEDULE-UNIT,B26,P26,B26-SHOWCASE-F3,Floor 3,3,DEMO-3D-REFERENCE-B26:3,B26-SHOWCASE-F3-SCHEDULE-UNIT,Dwelling · schedule only,residential,DEMO-3D-REFERENCE-B26:3:UNIT:B26-SHOWCASE-F3-SCHEDULE-UNIT,,,schedule_only,synthetic
schedule-B27-SHOWCASE-F0-SCHEDULE-UNIT,B27,P27,B27-SHOWCASE-F0,Ground floor,0,DEMO-3D-REFERENCE-B27:0,B27-SHOWCASE-F0-SCHEDULE-UNIT,Dwelling · schedule only,residential,DEMO-3D-REFERENCE-B27:0:UNIT:B27-SHOWCASE-F0-SCHEDULE-UNIT,,,schedule_only,synthetic
schedule-B27-SHOWCASE-F1-SCHEDULE-UNIT,B27,P27,B27-SHOWCASE-F1,Floor 1,1,DEMO-3D-REFERENCE-B27:1,B27-SHOWCASE-F1-SCHEDULE-UNIT,Dwelling · schedule only,residential,DEMO-3D-REFERENCE-B27:1:UNIT:B27-SHOWCASE-F1-SCHEDULE-UNIT,,,schedule_only,synthetic
schedule-B27-SHOWCASE-F2-SCHEDULE-UNIT,B27,P27,B27-SHOWCASE-F2,Floor 2,2,DEMO-3D-REFERENCE-B27:2,B27-SHOWCASE-F2-SCHEDULE-UNIT,Dwelling · schedule only,residential,DEMO-3D-REFERENCE-B27:2:UNIT:B27-SHOWCASE-F2-SCHEDULE-UNIT,,,schedule_only,synthetic
schedule-B27-SHOWCASE-F3-SCHEDULE-UNIT,B27,P27,B27-SHOWCASE-F3,Floor 3,3,DEMO-3D-REFERENCE-B27:3,B27-SHOWCASE-F3-SCHEDULE-UNIT,Dwelling · schedule only,residential,DEMO-3D-REFERENCE-B27:3:UNIT:B27-SHOWCASE-F3-SCHEDULE-UNIT,,,schedule_only,synthetic
schedule-B27-SHOWCASE-F4-SCHEDULE-UNIT,B27,P27,B27-SHOWCASE-F4,Floor 4,4,DEMO-3D-REFERENCE-B27:4,B27-SHOWCASE-F4-SCHEDULE-UNIT,Dwelling · schedule only,residential,DEMO-3D-REFERENCE-B27:4:UNIT:B27-SHOWCASE-F4-SCHEDULE-UNIT,,,schedule_only,synthetic
schedule-B28-SHOWCASE-F0-SCHEDULE-UNIT,B28,P28,B28-SHOWCASE-F0,Ground floor,0,DEMO-3D-REFERENCE-B28:0,B28-SHOWCASE-F0-SCHEDULE-UNIT,Dwelling · schedule only,residential,DEMO-3D-REFERENCE-B28:0:UNIT:B28-SHOWCASE-F0-SCHEDULE-UNIT,,,schedule_only,synthetic
schedule-B28-SHOWCASE-F1-SCHEDULE-UNIT,B28,P28,B28-SHOWCASE-F1,Floor 1,1,DEMO-3D-REFERENCE-B28:1,B28-SHOWCASE-F1-SCHEDULE-UNIT,Dwelling · schedule only,residential,DEMO-3D-REFERENCE-B28:1:UNIT:B28-SHOWCASE-F1-SCHEDULE-UNIT,,,schedule_only,synthetic
schedule-B28-SHOWCASE-F2-SCHEDULE-UNIT,B28,P28,B28-SHOWCASE-F2,Floor 2,2,DEMO-3D-REFERENCE-B28:2,B28-SHOWCASE-F2-SCHEDULE-UNIT,Dwelling · schedule only,residential,DEMO-3D-REFERENCE-B28:2:UNIT:B28-SHOWCASE-F2-SCHEDULE-UNIT,,,schedule_only,synthetic
schedule-B28-SHOWCASE-F3-SCHEDULE-UNIT,B28,P28,B28-SHOWCASE-F3,Floor 3,3,DEMO-3D-REFERENCE-B28:3,B28-SHOWCASE-F3-SCHEDULE-UNIT,Dwelling · schedule only,residential,DEMO-3D-REFERENCE-B28:3:UNIT:B28-SHOWCASE-F3-SCHEDULE-UNIT,,,schedule_only,synthetic
