apartment_id,area_id,building_id,entity_subtype,entity_type,floor_id,geometry,site_id,unit_id
a914338f843e1f2856f013a32ee71961,286885.0,164,BATHROOM,area,717,"POLYGON ((-0.6773295427385513 1.5701943638738109, -0.6686431931575960 1.5855168975382083, -0.6867534114359692 1.5957835864813612, -0.5953395438211935 1.7570356810310814, 0.3808723732552295 1.2036208109744644, 0.3038722061815875 1.0677941738866812, 0.3129273153207706 1.0626608294151056, -0.1634873876622045 0.2222755494264694, -1.7690293899120206 1.1324578602576176, -1.3157147370511346 1.9320951491199194, -0.6773295427385513 1.5701943638738109))",127,23025
a914338f843e1f2856f013a32ee71961,767678.0,164,KITCHEN,area,717,"POLYGON ((-0.2442062812850168 5.2415890211636711, -0.2424531147359765 5.2420821702041511, -0.1815964488391657 5.0177532874620301, -0.0038638207281281 5.0659691704803098, -0.0670686944149352 5.2989539797707277, -0.0688992444392937 5.2984573822310868, -0.1575821144405083 5.6137288892146575, -0.0638044243990592 5.6401076596101465, -0.3652665776423447 6.7118188858054975, 2.6140512693328475 5.0228425782031589, 2.6525513528696685 5.0907558967470496, 3.3204886001310996 4.7121020425652809, 3.2861577097782586 4.6515430910451343, 3.7936802552186499 4.3638283862535214, 1.6216593556674042 0.5324302778795005, 0.5096208015031962 1.1628453150097569, 0.5609542462189587 1.2533964064016123, -1.2744452244217364 2.2938849947693445, -1.3395983631900279 2.1789562605739050, -1.3260156994812498 2.1712562438665408, -1.7947303857568606 1.3444536275866827, -3.2507892392838720 2.1698938902221530, -2.7521927237273474 3.0494074100689650, -2.8699829904630008 3.1161827526141268, -2.4898464508887308 3.7867354249892511, -2.3660887845701524 3.7165771615772254, -0.7236378630296265 6.6138252291200779, -0.4214425176744037 5.5395074726891274, -0.3348587820634492 5.5638626522702790, -0.2442062812850168 5.2415890211636711))",127,23025
a914338f843e1f2856f013a32ee71961,286880.0,164,LIVING_DINING,area,717,"POLYGON ((4.9607001063440634 2.4552700903168123, 4.9620217540226079 2.4505715746360544, 4.7169362084735802 2.3840839740235182, 4.7692399980378219 2.1912825692271962, 5.0172935840135153 2.2585753494599672, 5.0146477018173314 2.2683285587130637, 5.3962743619703240 2.3756765008571339, 5.4225127705866818 2.2823978031197161, 6.4510481555247807 2.5717150037345657, 5.7503559522582322 1.3357090414058703, 5.8092141616629398 1.3023423023406249, 5.4267649435689584 0.6277101148431932, 5.3618021253545578 0.6645375587329401, 4.3954732525876743 -1.0400457700698293, 1.7003676533060990 0.4878105169975129, 3.8723885528573447 4.3192086253715338, 6.3519360346083502 2.9135523089418083, 5.3261404128303766 2.6250057775906921, 5.3435895722494635 2.5629732476829812, 4.9607001063440634 2.4552700903168123))",127,23025
a914338f843e1f2856f013a32ee71961,286885.0,164,SINK,feature,717,"POLYGON ((0.3292078789547048 1.1172053151060330, 0.0769267353897263 1.2602235817769314, -0.1154081749607911 0.9209489404309297, 0.1368729686041839 0.7779306737600313, 0.3292078789547048 1.1172053151060330))",127,23025
a914338f843e1f2856f013a32ee71961,286885.0,164,SHOWER,feature,717,"POLYGON ((-0.6951572551084517 1.5807652915864248, -1.3128110893537368 1.9309134617117296, -1.7665242112062458 1.1305732821262895, -1.1488703769609572 0.7804251120009846, -0.6951572551084517 1.5807652915864248))",127,23025
a914338f843e1f2856f013a32ee71961,286885.0,164,TOILET,feature,717,"POLYGON ((-0.4413485719568584 1.0693789776660285, -0.6977951190908840 0.6170127892046935, -0.1236380337361140 0.2915229409191982, 0.1328085133979116 0.7438891293805332, -0.4413485719568584 1.0693789776660285))",127,23025
a914338f843e1f2856f013a32ee71961,767678.0,164,KITCHEN,feature,717,"POLYGON ((-2.9528317647142810 2.6916764570306873, -3.2487316267920043 2.1697154703445305, -1.7959402138488727 1.3461275208948695, -1.5000403517711476 1.8680885075810263, -2.9528317647142810 2.6916764570306873))",127,23025
a914338f843e1f2856f013a32ee71961,767678.0,164,KITCHEN,feature,717,"POLYGON ((-0.0169448062514768 3.1130473628748776, -0.4867096942690168 3.3793572387448272, -1.1426210552079681 2.2223437182571821, -0.6728561671904281 1.9560338423872325, -0.0169448062514768 3.1130473628748776))",127,23025
a914338f843e1f2856f013a32ee71961,767678.0,164,KITCHEN,feature,717,"POLYGON ((-2.0739840484041068 4.2280121368409258, -2.3600205817459035 3.7234498497109758, -1.4987849537137485 3.2352150772827359, -1.2127484203719519 3.7397773644126833, -2.0739840484041068 4.2280121368409258))",127,23025
a914338f843e1f2856f013a32ee71961,nan,164,WALL,separator,717,"POLYGON ((-2.9511198215278416 2.9750868423084125, -3.0597811311980667 3.0366869759673234, -2.5212351731554357 3.9866704523433167, -2.4125738634852105 3.9250703186844067, -2.9511198215278416 2.9750868423084125))",127,23025
a914338f843e1f2856f013a32ee71961,nan,164,WALL,separator,717,"POLYGON ((-0.0828579560630480 -0.0279912800784485, -1.9482104387352734 1.0294776810662079, -1.8609435827184804 1.1834145364323643, 0.0044088999537450 0.1259455752877079, -0.0828579560630480 -0.0279912800784485))",127,23025
a914338f843e1f2856f013a32ee71961,nan,164,WALL,separator,717,"POLYGON ((-2.3664655531111656 3.7179402629918314, -2.5249299630469153 3.8077737912444132, -0.6709937066300498 7.0780774367338015, -0.5125292966943036 6.9882439084812216, -2.3664655531111656 3.7179402629918314))",127,23025
a914338f843e1f2856f013a32ee71961,nan,164,COLUMN,separator,717,"POLYGON ((-0.0050907574438561 5.0666724672139853, -0.1808931521054902 5.0189802241777599, -0.2435743858102448 5.2500348000187689, -0.0677719911486108 5.2977270430549925, -0.0050907574438561 5.0666724672139853))",127,23025
a914338f843e1f2856f013a32ee71961,nan,164,WALL,separator,717,"POLYGON ((-3.6955089673779948 1.3874455766301932, -3.8539733773137677 1.4772791048827247, -2.9120202350776978 3.1388641697805300, -2.7535558251419516 3.0490306415279509, -3.6955089673779948 1.3874455766301932))",127,23025
a914338f843e1f2856f013a32ee71961,nan,164,WALL,separator,717,"POLYGON ((2.6136745007918378 5.0242056796177632, -0.7440862503288628 6.9277213991633193, -0.6542527220762864 7.0861858090990655, 2.7035080290444142 5.1826700895535094, 2.6136745007918378 5.0242056796177632))",127,23025
a914338f843e1f2856f013a32ee71961,nan,164,WALL,separator,717,"POLYGON ((-0.0681630361260517 5.2921471172160519, -0.2435144221770038 5.2428224436276505, -0.3520287040714933 5.6285954929397359, -0.1766773180205448 5.6779201665281374, -0.0681630361260517 5.2921471172160519))",127,23025
a914338f843e1f2856f013a32ee71961,nan,164,WALL,separator,717,"POLYGON ((6.6452815623135706 2.7484041400405967, 3.2875208111928664 4.6519198595861528, 3.3773543394454464 4.8103842695219026, 6.7351150905661470 2.9068685499763465, 6.6452815623135706 2.7484041400405967))",127,23025
a914338f843e1f2856f013a32ee71961,nan,164,WALL,separator,717,"POLYGON ((0.4954243389096540 1.1398307736207798, -1.3382352617754201 2.1793330291149191, -1.2740684558807231 2.2925218933547393, 0.5595911448043509 1.2530196378606000, 0.4954243389096540 1.1398307736207798))",127,23025
a914338f843e1f2856f013a32ee71961,nan,164,WALL,separator,717,"POLYGON ((5.5376836324168082 0.3992133399821771, 5.3565814496331008 0.5018802294136968, 5.8853159302054294 1.4345564707498095, 6.0664181129891404 1.3318895813182898, 5.5376836324168082 0.3992133399821771))",127,23025
a914338f843e1f2856f013a32ee71961,nan,164,WALL,separator,717,"POLYGON ((-0.6958165295579377 1.5818241542315699, -0.7184543024059025 1.5946575154105096, -0.6055207240312299 1.7938699164725920, -0.5828829511832652 1.7810365552936522, -0.6958165295579377 1.5818241542315699))",127,23025
a914338f843e1f2856f013a32ee71961,nan,164,WALL,separator,717,"POLYGON ((-1.7881839449587247 1.2378887038953330, -3.3818831534553802 2.1413573308927090, -3.3382497254469854 2.2183257585757863, -1.7445505169503264 1.3148571315784103, -1.7881839449587247 1.2378887038953330))",127,23025
a914338f843e1f2856f013a32ee71961,nan,164,WALL,separator,717,"POLYGON ((-0.0899521828684300 -0.0299521624122514, -0.2529441473737677 0.0624480380761163, 0.3630571892153505 1.1490611347783837, 0.5260491537206917 1.0566609342900160, -0.0899521828684300 -0.0299521624122514))",127,23025
a914338f843e1f2856f013a32ee71961,nan,164,WALL,separator,717,"POLYGON ((4.4538472706841290 -1.2768047647420495, 4.3089655244571610 -1.1946712531968338, 5.3621788938955746 0.6631744573183305, 5.5070606401225461 0.5810409457731147, 4.4538472706841290 -1.2768047647420495))",127,23025
a914338f843e1f2856f013a32ee71961,nan,164,COLUMN,separator,717,"POLYGON ((5.0160666472977837 2.2592786461936445, 4.7699432947714975 2.1925095059429243, 4.7181631451893082 2.3833806772898409, 4.9642864977155980 2.4501498175405594, 5.0160666472977837 2.2592786461936445))",127,23025
a914338f843e1f2856f013a32ee71961,nan,164,WALL,separator,717,"POLYGON ((3.4535872177098952 4.6377979018850866, 2.5209109763737843 5.1665323824574152, 2.6235778658053022 5.3476345652411261, 3.5562541071414131 4.8189000846687975, 3.4535872177098952 4.6377979018850866))",127,23025
a914338f843e1f2856f013a32ee71961,nan,164,WALL,separator,717,"POLYGON ((1.6707711572978248 0.4376306481909786, 1.5938027296147474 0.4812640761993743, 3.8114075413355835 4.3930712243275334, 3.8883759690186608 4.3494377963191386, 1.6707711572978248 0.4376306481909786))",127,23025
a914338f843e1f2856f013a32ee71961,nan,164,WALL,separator,717,"POLYGON ((6.6556743716527897 2.6303132170907624, 5.4232046296946912 2.2836312255836972, 5.3273738352943596 2.6243139184826827, 6.5598435772524653 2.9709959099897514, 6.6556743716527897 2.6303132170907624))",127,23025
a914338f843e1f2856f013a32ee71961,nan,164,WALL,separator,717,"POLYGON ((5.4549602401010304 2.3932230881200685, 5.0140767551729297 2.2692067659549391, 4.9619335288080464 2.4545782312087994, 5.4028170137361471 2.5785945533739287, 5.4549602401010304 2.3932230881200685))",127,23025
a914338f843e1f2856f013a32ee71961,nan,164,WALL,separator,717,"POLYGON ((-2.2137491180085118 0.3500095466614798, -2.3224104276788147 0.4116096803202539, -1.2656191366435188 2.2757667675081885, -1.1569578269732936 2.2141666338492767, -2.2137491180085118 0.3500095466614798))",127,23025
a914338f843e1f2856f013a32ee71961,nan,164,WALL,separator,717,"POLYGON ((4.3302313199641702 -1.2136006751878359, 0.3052353075961953 1.0681709424276953, 0.3950688358487753 1.2266353523634432, 4.4200648482167502 -1.0551362652520879, 4.3302313199641702 -1.2136006751878359))",127,23025
a914338f843e1f2856f013a32ee71961,nan,164,WALL,separator,717,"POLYGON ((5.8966007998998080 1.2539522984016696, 5.7517190536728400 1.3360858099468853, 6.6631928696676113 2.9439059995023005, 6.8080746158945793 2.8617724879570847, 5.8966007998998080 1.2539522984016696))",127,23025
a914338f843e1f2856f013a32ee71961,nan,164,WALL,separator,717,"POLYGON ((-0.6777063112795680 1.5715574652884170, -1.3432568330097077 1.9488582839492539, -1.3355568163023435 1.9624409476580320, -0.6700062945722038 1.5851401289971951, -0.6777063112795680 1.5715574652884170))",127,23025
a914338f843e1f2856f013a32ee71961,nan,164,WALL,separator,717,"POLYGON ((-0.0650378468630421 5.6407995187181594, -0.4207506585663943 5.5407408951531103, -0.7815254139558618 6.8233110331257656, -0.4258126022525133 6.9233696566908147, -0.0650378468630421 5.6407995187181594))",127,23025
a914338f843e1f2856f013a32ee71961,nan,164,WINDOW,opening,717,"POLYGON ((2.6925714356550792 5.0632354073734493, 2.8003716695581744 5.2533926992963433, 3.3731910420238975 4.9286612009056991, 3.2653908081207987 4.7385039089828052, 2.6925714356550792 5.0632354073734493))",127,23025
a914338f843e1f2856f013a32ee71961,nan,164,DOOR,opening,717,"POLYGON ((2.0718462270150262 1.3290076164134339, 2.1526630760822592 1.2831925170046166, 1.7342955016488162 0.5452011221609947, 1.6534786525815832 0.5910162215698120, 2.0718462270150262 1.3290076164134339))",127,23025
a914338f843e1f2856f013a32ee71961,nan,164,DOOR,opening,717,"POLYGON ((-0.5429898276744609 1.7247689940102351, -0.4756146814850268 1.8436173014620465, 0.0903296397140707 1.5227832719885468, 0.0229544935246366 1.4039349645367354, -0.5429898276744609 1.7247689940102351))",127,23025
a914338f843e1f2856f013a32ee71961,nan,164,WINDOW,opening,717,"POLYGON ((-2.6391929343550480 3.7849274095541823, -2.5250985592013109 3.7202472692123241, -2.8326399490244754 3.1777508781975623, -2.9467343241782125 3.2424310185394205, -2.6391929343550480 3.7849274095541823))",127,23025
a914338f843e1f2856f013a32ee71961,nan,164,WINDOW,opening,717,"POLYGON ((5.7799390164807534 1.2592270444824276, 5.9700963084036509 1.1514268105793324, 5.6449380014007460 0.5778545569097524, 5.4547807094778484 0.6856547908128476, 5.7799390164807534 1.2592270444824276))",127,23025
a914338f843e1f2856f013a32ee71961,nan,164,ENTRANCE_DOOR,opening,717,"POLYGON ((0.5474774161478884 0.9256090314467498, 0.6418026208130954 1.0919966618792847, 1.4069593430742771 0.6582290540311124, 1.3126341384090665 0.4918414235985775, 0.5474774161478884 0.9256090314467498))",127,23025
d1a743f8d4eb53f18f3ea937b6aadf2a,286886.0,164,LIVING_DINING,area,717,"POLYGON ((0.4521918543743269 -5.4840012407290404, 0.4542457100471893 -5.4834852842953072, 0.5671310966277900 -5.9145661945878532, 0.4912849085202851 -5.9352347815716398, 0.7565014905342551 -6.9084830633453986, -1.6797333094970988 -5.5273807210132953, 0.4566496810369856 -1.7588471169462858, 2.6371911136250858 -2.9949968017225093, 2.2968100391388724 -3.5954216895227304, 2.2832273754300942 -3.5877216728153662, 2.2411742867838953 -3.6619024158844695, 2.2547569504926734 -3.6696024325918337, 2.2419235893137355 -3.6922402054397967, 2.3070492232436521 -3.7291599496144219, 2.3198825844225937 -3.7065221767664589, 2.7437328440086901 -3.9468030340569360, 2.1906164915224693 -4.9224883725655477, 2.3173880194710712 -4.9943551951676142, 1.9427108191723015 -5.6552777105873195, 1.8152250839084907 -5.5830060036137068, 1.1053949464017201 -6.8351310852242033, 0.8346677081606266 -5.8416607017109250, 0.7598823006899948 -5.8620402189680565, 0.6474959938851796 -5.4328651688631702, 0.6303521917180994 -5.4373545458893515, 0.5707139602792495 -5.1999540369470365, 0.3921069197231581 -5.2448225507878421, 0.4521918543743269 -5.4840012407290404))",127,23024
d1a743f8d4eb53f18f3ea937b6aadf2a,286891.0,164,BATHROOM,area,717,"POLYGON ((-0.2543072487883755 0.0620712695351022, -0.2135592576620411 0.0389712194130096, -0.7618407832470808 -0.9281855885242249, -1.7923833551586128 -0.3439706516381520, -1.6845831212555176 -0.1538133597152562, -2.3003305427201362 0.1952540643519116, -1.8572825788024048 0.9767811349358437, -0.2517405765525886 0.0665988241046955, -0.2543072487883755 0.0620712695351022))",127,23024
d1a743f8d4eb53f18f3ea937b6aadf2a,767679.0,164,KITCHEN,area,717,"POLYGON ((-4.6325858373671345 -2.4681137295487883, -4.6322765500396272 -2.4693449023583742, -4.9547345689059590 -2.5537856587143866, -4.9758497116256493 -2.4763007736619720, -6.0508932906233373 -2.7692572462058518, -4.3973313901229751 0.1475903490292509, -4.5226021269245891 0.2186063726162040, -4.1410705792308580 0.8916198092828562, -4.0157259945029988 0.8205619212812296, -3.5289761736225689 1.6791781267505135, -2.0729173200955557 0.8537378641150433, -2.5862517672531578 -0.0517730498035132, -2.4758505876273116 -0.1143595163360169, -2.4732839153915229 -0.1098319617664236, -0.7256478515287128 -1.1005674447805918, -0.7205145070571355 -1.0915123356414052, 0.3869964925374738 -1.7193607005358738, -1.7493864979966105 -5.4878943046028832, -2.2867622453746144 -5.1832558094107632, -2.3644310614519810 -5.3202619289467012, -3.0290350621074413 -4.9434976934071999, -2.9469015505622256 -4.7986159471802301, -5.9391675324814486 -3.1022993374445313, -4.8836439882560434 -2.8146622032442687, -4.9063138652245488 -2.7314720096293810, -4.5736523335484112 -2.6443593013021429, -4.5752587447328033 -2.6382248208645294, -4.3144732065113374 -2.5727119525322379, -4.3580736852846087 -2.3991525494248993, -4.6325858373671345 -2.4681137295487883))",127,23024
d1a743f8d4eb53f18f3ea937b6aadf2a,286891.0,164,SINK,feature,717,"POLYGON ((-0.5174929502156438 -0.4911978634805498, -0.7958721431149272 -0.3333846037057642, -0.9980703822013695 -0.6900579446079691, -0.7196911893020896 -0.8478712043827548, -0.5174929502156438 -0.4911978634805498))",127,23024
d1a743f8d4eb53f18f3ea937b6aadf2a,286891.0,164,TOILET,feature,717,"POLYGON ((-0.8189681552638817 0.3082875327001080, -1.0754147023979073 -0.1440786557612270, -0.5012576170431373 -0.4695685040467223, -0.2448110699091117 -0.0172023155853873, -0.8189681552638817 0.3082875327001080))",127,23024
d1a743f8d4eb53f18f3ea937b6aadf2a,286891.0,164,SHOWER,feature,717,"POLYGON ((-1.2386867287846499 0.6219910009160330, -1.8563405630299350 0.9721391710413378, -2.2804636986746729 0.2239950901245162, -1.6628098644293843 -0.1261530800007886, -1.2386867287846499 0.6219910009160330))",127,23024
d1a743f8d4eb53f18f3ea937b6aadf2a,767679.0,164,KITCHEN,feature,717,"POLYGON ((-2.0835639138350999 -0.3311979992176335, -2.4576359542935098 -0.1191364313952654, -3.1184789796004235 -1.2848493016610121, -2.7444069391420118 -1.4969108694833801, -2.0835639138350999 -0.3311979992176335))",127,23024
d1a743f8d4eb53f18f3ea937b6aadf2a,767679.0,164,KITCHEN,feature,717,"POLYGON ((-4.3978693557093145 0.1481763806100158, -4.7036325465229609 -0.3911833056323442, -3.8075995193783925 -0.8991447355324347, -3.5018363285647460 -0.3597850492900747, -4.3978693557093145 0.1481763806100158))",127,23024
d1a743f8d4eb53f18f3ea937b6aadf2a,767679.0,164,KITCHEN,feature,717,"POLYGON ((-3.5276655054786374 1.6776821131230610, -3.8186337031883983 1.1644204762150077, -2.3658422902452649 0.3408325267653467, -2.0748740925355058 0.8540941636734001, -3.5276655054786374 1.6776821131230610))",127,23024
d1a743f8d4eb53f18f3ea937b6aadf2a,nan,164,WALL,separator,717,"POLYGON ((1.0652600486703001 -7.2667640488127461, 0.9113231933041455 -7.1794971927959530, 1.8156018524495039 -5.5843691050283137, 1.9695387078156621 -5.6716359610451068, 1.0652600486703001 -7.2667640488127461))",127,23024
d1a743f8d4eb53f18f3ea937b6aadf2a,nan,164,WALL,separator,717,"POLYGON ((-4.6004550031190519 0.0833032880061140, -4.7045887582196855 0.1423367494292380, -4.1630209164684153 1.0976507636133155, -4.0588871613677817 1.0386173021901914, -4.6004550031190519 0.0833032880061140))",127,23024
d1a743f8d4eb53f18f3ea937b6aadf2a,nan,164,WALL,separator,717,"POLYGON ((-2.4762273561683266 -0.1129964149214109, -2.5848886658385517 -0.0513962812624991, -1.5229640303352887 1.8218159150582549, -1.4143027206649854 1.7602157813994808, -2.4762273561683266 -0.1129964149214109))",127,23024
d1a743f8d4eb53f18f3ea937b6aadf2a,nan,164,WALL,separator,717,"POLYGON ((-1.6987795838490634 -0.1768279011042324, -2.3552749964400164 0.1953395730850280, -2.3424416352610749 0.2179773459329910, -1.6859462226701254 -0.1541901282562694, -1.6987795838490634 -0.1768279011042324))",127,23024
d1a743f8d4eb53f18f3ea937b6aadf2a,nan,164,WALL,separator,717,"POLYGON ((-0.0899521828684300 -0.0299521624122514, -0.2529441473737677 0.0624480380761163, 0.1929791515416006 0.8490471376967692, 0.3559711160470572 0.7566469372086069, -0.0899521828684300 -0.0299521624122514))",127,23024
d1a743f8d4eb53f18f3ea937b6aadf2a,nan,164,WALL,separator,717,"POLYGON ((-4.0161027630440103 0.8219250226958366, -4.1745671729797564 0.9117585509484156, -3.2444607254190228 2.5524463014700349, -3.0859963154832499 2.4626127732175034, -4.0161027630440103 0.8219250226958366))",127,23024
d1a743f8d4eb53f18f3ea937b6aadf2a,nan,164,WALL,separator,717,"POLYGON ((2.3066724547026389 -3.7277968481998158, 2.2432866907283397 -3.6918634368987853, 2.6411208872754806 -2.9900924786119045, 2.7045066512497797 -3.0260258899129351, 2.3066724547026389 -3.7277968481998158))",127,23024
d1a743f8d4eb53f18f3ea937b6aadf2a,nan,164,WALL,separator,717,"POLYGON ((-1.8194131789311001 -0.3896229658750947, -1.8420509517790649 -0.3767896046961541, -1.7085839955180901 -0.1413567670773288, -1.6859462226701254 -0.1541901282562694, -1.8194131789311001 -0.3896229658750947))",127,23024
d1a743f8d4eb53f18f3ea937b6aadf2a,nan,164,WALL,separator,717,"POLYGON ((-2.2981817500631578 -5.5504114595026284, -3.2670784279560117 -5.0011436010439967, -3.1849449164107959 -4.8562618548170278, -2.2160482385179421 -5.4055297132756595, -2.2981817500631578 -5.5504114595026284))",127,23024
d1a743f8d4eb53f18f3ea937b6aadf2a,nan,164,WALL,separator,717,"POLYGON ((0.7799422958270128 -5.9425918077201398, 0.5886232318448705 -5.9926917448368320, 0.4554628726662990 -5.4841858116211437, 0.6467819366484377 -5.4340858745044516, 0.7799422958270128 -5.9425918077201398))",127,23024
d1a743f8d4eb53f18f3ea937b6aadf2a,nan,164,WALL,separator,717,"POLYGON ((-3.0509315414083495 -4.9800948985049560, -6.4607900298343068 -3.0470449538421978, -6.3581231404027854 -2.8659427710584859, -2.9482646519768299 -4.7989927157212442, -3.0509315414083495 -4.9800948985049560))",127,23024
d1a743f8d4eb53f18f3ea937b6aadf2a,nan,164,COLUMN,separator,717,"POLYGON ((0.6295853867670544 -5.4384065052020976, 0.4529180760604774 -5.4827877325656758, 0.3933204278865290 -5.2455487724739873, 0.5699877385931060 -5.2011675451104091, 0.6295853867670544 -5.4384065052020976))",127,23024
d1a743f8d4eb53f18f3ea937b6aadf2a,nan,164,WALL,separator,717,"POLYGON ((2.7767888274104493 -3.9643929711664398, 2.2425373881984996 -3.6615256473434563, 2.2836041439711074 -3.5890847742299705, 2.8178555831830536 -3.8919520980529541, 2.7767888274104493 -3.9643929711664398))",127,23024
d1a743f8d4eb53f18f3ea937b6aadf2a,nan,164,WALL,separator,717,"POLYGON ((-1.9810031272890960 0.8027811879402975, -3.5747023357857532 1.7062498149376735, -3.5310689077773567 1.7832182426207508, -1.9373696992807012 0.8797496156233748, -1.9810031272890960 0.8027811879402975))",127,23024
d1a743f8d4eb53f18f3ea937b6aadf2a,nan,164,WALL,separator,717,"POLYGON ((-0.6899476961408375 -1.0777781503219881, -0.8076641149502493 -1.0110446721914998, -0.1916627783611311 0.0755684245107657, -0.0739463595517194 0.0088349463802775, -0.6899476961408375 -1.0777781503219881))",127,23024
d1a743f8d4eb53f18f3ea937b6aadf2a,nan,164,WALL,separator,717,"POLYGON ((3.2724118547826819 -3.3539541461918159, -0.7390014938765219 -1.0798825452836489, -0.6312012599734231 -0.8897252533607514, 3.3802120886857772 -3.1637968542689183, 3.2724118547826819 -3.3539541461918159))",127,23024
d1a743f8d4eb53f18f3ea937b6aadf2a,nan,164,WALL,separator,717,"POLYGON ((-4.8848717253353691 -2.8139603046304682, -6.1452356099052476 -3.1574177838980022, -6.2369154948093311 -2.8209859900088308, -4.9765516102394507 -2.4775285107412968, -4.8848717253353691 -2.8139603046304682))",127,23024
d1a743f8d4eb53f18f3ea937b6aadf2a,nan,164,WALL,separator,717,"POLYGON ((1.0208061221608347 -7.2987710382718394, -2.3890523662651209 -5.3657210936090802, -2.2863854768336012 -5.1846189108253693, 1.1234730115923561 -7.1176688554881284, 1.0208061221608347 -7.2987710382718394))",127,23024
d1a743f8d4eb53f18f3ea937b6aadf2a,nan,164,WALL,separator,717,"POLYGON ((-0.0828579560630480 -0.0279912800784485, -1.9482104387352734 1.0294776810662079, -1.8609435827184804 1.1834145364323643, 0.0044088999537450 0.1259455752877079, -0.0828579560630480 -0.0279912800784485))",127,23024
d1a743f8d4eb53f18f3ea937b6aadf2a,nan,164,COLUMN,separator,717,"POLYGON ((-4.3156867146747118 -2.5719857308460918, -4.5882591369077144 -2.6404596244927534, -4.6313723292037601 -2.4688399512349344, -4.3587999069707557 -2.4003660575882737, -4.3156867146747118 -2.5719857308460918))",127,23024
d1a743f8d4eb53f18f3ea937b6aadf2a,nan,164,WALL,separator,717,"POLYGON ((-0.7260246200697260 -1.0992043433659875, -2.5596842207548001 -0.0597020878718464, -2.4955174148600996 0.0534867763679738, -0.6618578141750255 -0.9860154791261673, -0.7260246200697260 -1.0992043433659875))",127,23024
d1a743f8d4eb53f18f3ea937b6aadf2a,nan,164,WALL,separator,717,"POLYGON ((2.3459164483032353 -5.0093784600413276, 2.1919795929370807 -4.9221116040245345, 3.1377967974988614 -3.2537104163682287, 3.2917336528650196 -3.3409772723850217, 2.3459164483032353 -5.0093784600413276))",127,23024
d1a743f8d4eb53f18f3ea937b6aadf2a,nan,164,WALL,separator,717,"POLYGON ((-6.2746175554306980 -3.1618743200656896, -6.4330819653664442 -3.0720407918131096, -4.5571589014733274 0.2370471087408186, -4.3986944915375794 0.1472135804882386, -6.2746175554306980 -3.1618743200656896))",127,23024
d1a743f8d4eb53f18f3ea937b6aadf2a,nan,164,WALL,separator,717,"POLYGON ((-1.7228318156880391 -5.6013778451159491, -1.7907451342319298 -5.5628777615791281, 0.4063262996025969 -1.6872910500077110, 0.4742396181464912 -1.7257911335445320, -1.7228318156880391 -5.6013778451159491))",127,23024
d1a743f8d4eb53f18f3ea937b6aadf2a,nan,164,WALL,separator,717,"POLYGON ((-4.5748730391896935 -2.6436452440654010, -4.9373723183137450 -2.7385714407075517, -4.9835169972370110 -2.5623565133555823, -4.6210177181129595 -2.4674303167134308, -4.5748730391896935 -2.6436452440654010))",127,23024
d1a743f8d4eb53f18f3ea937b6aadf2a,nan,164,WALL,separator,717,"POLYGON ((1.1760549323232539 -7.0982309533020800, 0.8346017683760358 -7.1912791946972678, 0.4925126455996107 -5.9359366801854376, 0.8339658095468252 -5.8428884387902480, 1.1760549323232539 -7.0982309533020800))",127,23024
d1a743f8d4eb53f18f3ea937b6aadf2a,nan,164,WALL,separator,717,"POLYGON ((1.9595990231004805 -5.8702381590998511, 1.8554652679998505 -5.8112046976767280, 2.3970331097511206 -4.8558906834926514, 2.5011668648517507 -4.9149241449157746, 1.9595990231004805 -5.8702381590998511))",127,23024
d1a743f8d4eb53f18f3ea937b6aadf2a,nan,164,WINDOW,opening,717,"POLYGON ((2.2838168952081546 -5.0495335695793830, 2.3931573380638191 -5.1115187040736636, 2.0686045421367893 -5.6840228492406037, 1.9592640992811283 -5.6220377147463232, 2.2838168952081546 -5.0495335695793830))",127,23024
d1a743f8d4eb53f18f3ea937b6aadf2a,nan,164,DOOR,opening,717,"POLYGON ((-1.8051867777801718 -0.4911660728544360, -1.7378116315907377 -0.3723177654026264, -1.2035601923787915 -0.6751850892256108, -1.2709353385682256 -0.7940333966774205, -1.8051867777801718 -0.4911660728544360))",127,23024
d1a743f8d4eb53f18f3ea937b6aadf2a,nan,164,ENTRANCE_DOOR,opening,717,"POLYGON ((-0.6466178537626490 -1.1385365945332691, -0.5334276081643985 -0.9388714380142265, 0.2679495506535226 -1.3931724237487026, 0.1547593050552720 -1.5928375802677452, -0.6466178537626490 -1.1385365945332691))",127,23024
d1a743f8d4eb53f18f3ea937b6aadf2a,nan,164,WINDOW,opening,717,"POLYGON ((-3.0798518062319058 -5.1120685185590382, -2.9936116191094282 -4.9599426850207191, -2.4032440511388060 -5.2946222614517930, -2.4894842382612836 -5.4467480949901121, -3.0798518062319058 -5.1120685185590382))",127,23024
d1a743f8d4eb53f18f3ea937b6aadf2a,nan,164,WINDOW,opening,717,"POLYGON ((-4.2814864474224379 0.8947481963827482, -4.1721460045667698 0.8327630618884676, -4.4920290131474925 0.2684963210710176, -4.6013694560031588 0.3304814555652982, -4.2814864474224379 0.8947481963827482))",127,23024
d1a743f8d4eb53f18f3ea937b6aadf2a,nan,164,DOOR,opening,717,"POLYGON ((0.3327616440369354 -1.8131000758678866, 0.4040706285080233 -1.8535251635815477, -0.0271303071043647 -2.6141543312731361, -0.0984392915754491 -2.5737292435594750, 0.3327616440369354 -1.8131000758678866))",127,23024
