resident_id,name,role,classification,building_id,floor_id,unit_id,note
fictional-resident-B01-F0-U1,Fictional Resident B01 · 0/1,resident,synthetic,B01,B01-F0,B01-F0-U1,"Fictional occupant schedule; not ownership, identity verification or contact data."
fictional-resident-B01-F0-U2,Fictional Resident B01 · 0/2,resident,synthetic,B01,B01-F0,B01-F0-U2,"Fictional occupant schedule; not ownership, identity verification or contact data."
fictional-resident-B01-F1-U1,Fictional Resident B01 · 1/1,resident,synthetic,B01,B01-F1,B01-F1-U1,"Fictional occupant schedule; not ownership, identity verification or contact data."
fictional-resident-B01-F1-U2,Fictional Resident B01 · 1/2,resident,synthetic,B01,B01-F1,B01-F1-U2,"Fictional occupant schedule; not ownership, identity verification or contact data."
fictional-resident-B01-F2-U1,Fictional Resident B01 · 2/1,resident,synthetic,B01,B01-F2,B01-F2-U1,"Fictional occupant schedule; not ownership, identity verification or contact data."
fictional-resident-B01-F2-U2,Fictional Resident B01 · 2/2,resident,synthetic,B01,B01-F2,B01-F2-U2,"Fictional occupant schedule; not ownership, identity verification or contact data."
fictional-resident-B01-F3-U1,Fictional Resident B01 · 3/1,resident,synthetic,B01,B01-F3,B01-F3-U1,"Fictional occupant schedule; not ownership, identity verification or contact data."
fictional-resident-B01-F3-U2,Fictional Resident B01 · 3/2,resident,synthetic,B01,B01-F3,B01-F3-U2,"Fictional occupant schedule; not ownership, identity verification or contact data."
fictional-resident-B01-F4-U1,Fictional Resident B01 · 4/1,resident,synthetic,B01,B01-F4,B01-F4-U1,"Fictional occupant schedule; not ownership, identity verification or contact data."
fictional-resident-B01-F4-U2,Fictional Resident B01 · 4/2,resident,synthetic,B01,B01-F4,B01-F4-U2,"Fictional occupant schedule; not ownership, identity verification or contact data."
fictional-resident-B02-SHOWCASE-F0-SCHEDULE-UNIT,Fictional Resident B02 · 0/1,resident,synthetic,B02,B02-SHOWCASE-F0,B02-SHOWCASE-F0-SCHEDULE-UNIT,"Fictional occupant schedule; not ownership, identity verification or contact data."
fictional-resident-B02-SHOWCASE-F1-SCHEDULE-UNIT,Fictional Resident B02 · 1/1,resident,synthetic,B02,B02-SHOWCASE-F1,B02-SHOWCASE-F1-SCHEDULE-UNIT,"Fictional occupant schedule; not ownership, identity verification or contact data."
fictional-resident-B02-SHOWCASE-F2-SCHEDULE-UNIT,Fictional Resident B02 · 2/1,resident,synthetic,B02,B02-SHOWCASE-F2,B02-SHOWCASE-F2-SCHEDULE-UNIT,"Fictional occupant schedule; not ownership, identity verification or contact data."
fictional-resident-B02-SHOWCASE-F3-SCHEDULE-UNIT,Fictional Resident B02 · 3/1,resident,synthetic,B02,B02-SHOWCASE-F3,B02-SHOWCASE-F3-SCHEDULE-UNIT,"Fictional occupant schedule; not ownership, identity verification or contact data."
fictional-resident-B03-SHOWCASE-F0-SCHEDULE-UNIT,Fictional Resident B03 · 0/1,resident,synthetic,B03,B03-SHOWCASE-F0,B03-SHOWCASE-F0-SCHEDULE-UNIT,"Fictional occupant schedule; not ownership, identity verification or contact data."
fictional-resident-B03-SHOWCASE-F1-SCHEDULE-UNIT,Fictional Resident B03 · 1/1,resident,synthetic,B03,B03-SHOWCASE-F1,B03-SHOWCASE-F1-SCHEDULE-UNIT,"Fictional occupant schedule; not ownership, identity verification or contact data."
fictional-resident-B03-SHOWCASE-F2-SCHEDULE-UNIT,Fictional Resident B03 · 2/1,resident,synthetic,B03,B03-SHOWCASE-F2,B03-SHOWCASE-F2-SCHEDULE-UNIT,"Fictional occupant schedule; not ownership, identity verification or contact data."
fictional-resident-B03-SHOWCASE-F3-SCHEDULE-UNIT,Fictional Resident B03 · 3/1,resident,synthetic,B03,B03-SHOWCASE-F3,B03-SHOWCASE-F3-SCHEDULE-UNIT,"Fictional occupant schedule; not ownership, identity verification or contact data."
fictional-resident-B03-SHOWCASE-F4-SCHEDULE-UNIT,Fictional Resident B03 · 4/1,resident,synthetic,B03,B03-SHOWCASE-F4,B03-SHOWCASE-F4-SCHEDULE-UNIT,"Fictional occupant schedule; not ownership, identity verification or contact data."
fictional-resident-B04-SHOWCASE-F0-SCHEDULE-UNIT,Fictional Resident B04 · 0/1,resident,synthetic,B04,B04-SHOWCASE-F0,B04-SHOWCASE-F0-SCHEDULE-UNIT,"Fictional occupant schedule; not ownership, identity verification or contact data."
fictional-resident-B04-SHOWCASE-F1-SCHEDULE-UNIT,Fictional Resident B04 · 1/1,resident,synthetic,B04,B04-SHOWCASE-F1,B04-SHOWCASE-F1-SCHEDULE-UNIT,"Fictional occupant schedule; not ownership, identity verification or contact data."
fictional-resident-B04-SHOWCASE-F2-SCHEDULE-UNIT,Fictional Resident B04 · 2/1,resident,synthetic,B04,B04-SHOWCASE-F2,B04-SHOWCASE-F2-SCHEDULE-UNIT,"Fictional occupant schedule; not ownership, identity verification or contact data."
fictional-resident-B05-SHOWCASE-F0-SCHEDULE-UNIT,Fictional Resident B05 · 0/1,resident,synthetic,B05,B05-SHOWCASE-F0,B05-SHOWCASE-F0-SCHEDULE-UNIT,"Fictional occupant schedule; not ownership, identity verification or contact data."
fictional-resident-B05-SHOWCASE-F1-SCHEDULE-UNIT,Fictional Resident B05 · 1/1,resident,synthetic,B05,B05-SHOWCASE-F1,B05-SHOWCASE-F1-SCHEDULE-UNIT,"Fictional occupant schedule; not ownership, identity verification or contact data."
fictional-resident-B05-SHOWCASE-F2-SCHEDULE-UNIT,Fictional Resident B05 · 2/1,resident,synthetic,B05,B05-SHOWCASE-F2,B05-SHOWCASE-F2-SCHEDULE-UNIT,"Fictional occupant schedule; not ownership, identity verification or contact data."
fictional-resident-B05-SHOWCASE-F3-SCHEDULE-UNIT,Fictional Resident B05 · 3/1,resident,synthetic,B05,B05-SHOWCASE-F3,B05-SHOWCASE-F3-SCHEDULE-UNIT,"Fictional occupant schedule; not ownership, identity verification or contact data."
fictional-resident-B06-SHOWCASE-F0-SCHEDULE-UNIT,Fictional Resident B06 · 0/1,resident,synthetic,B06,B06-SHOWCASE-F0,B06-SHOWCASE-F0-SCHEDULE-UNIT,"Fictional occupant schedule; not ownership, identity verification or contact data."
fictional-resident-B06-SHOWCASE-F1-SCHEDULE-UNIT,Fictional Resident B06 · 1/1,resident,synthetic,B06,B06-SHOWCASE-F1,B06-SHOWCASE-F1-SCHEDULE-UNIT,"Fictional occupant schedule; not ownership, identity verification or contact data."
fictional-resident-B06-SHOWCASE-F2-SCHEDULE-UNIT,Fictional Resident B06 · 2/1,resident,synthetic,B06,B06-SHOWCASE-F2,B06-SHOWCASE-F2-SCHEDULE-UNIT,"Fictional occupant schedule; not ownership, identity verification or contact data."
fictional-resident-B06-SHOWCASE-F3-SCHEDULE-UNIT,Fictional Resident B06 · 3/1,resident,synthetic,B06,B06-SHOWCASE-F3,B06-SHOWCASE-F3-SCHEDULE-UNIT,"Fictional occupant schedule; not ownership, identity verification or contact data."
fictional-resident-B06-SHOWCASE-F4-SCHEDULE-UNIT,Fictional Resident B06 · 4/1,resident,synthetic,B06,B06-SHOWCASE-F4,B06-SHOWCASE-F4-SCHEDULE-UNIT,"Fictional occupant schedule; not ownership, identity verification or contact data."
fictional-resident-B07-SHOWCASE-F0-SCHEDULE-UNIT,Fictional Resident B07 · 0/1,resident,synthetic,B07,B07-SHOWCASE-F0,B07-SHOWCASE-F0-SCHEDULE-UNIT,"Fictional occupant schedule; not ownership, identity verification or contact data."
fictional-resident-B07-SHOWCASE-F1-SCHEDULE-UNIT,Fictional Resident B07 · 1/1,resident,synthetic,B07,B07-SHOWCASE-F1,B07-SHOWCASE-F1-SCHEDULE-UNIT,"Fictional occupant schedule; not ownership, identity verification or contact data."
fictional-resident-B07-SHOWCASE-F2-SCHEDULE-UNIT,Fictional Resident B07 · 2/1,resident,synthetic,B07,B07-SHOWCASE-F2,B07-SHOWCASE-F2-SCHEDULE-UNIT,"Fictional occupant schedule; not ownership, identity verification or contact data."
fictional-resident-B08-SHOWCASE-F0-SCHEDULE-UNIT,Fictional Resident B08 · 0/1,resident,synthetic,B08,B08-SHOWCASE-F0,B08-SHOWCASE-F0-SCHEDULE-UNIT,"Fictional occupant schedule; not ownership, identity verification or contact data."
fictional-resident-B08-SHOWCASE-F1-SCHEDULE-UNIT,Fictional Resident B08 · 1/1,resident,synthetic,B08,B08-SHOWCASE-F1,B08-SHOWCASE-F1-SCHEDULE-UNIT,"Fictional occupant schedule; not ownership, identity verification or contact data."
fictional-resident-B08-SHOWCASE-F2-SCHEDULE-UNIT,Fictional Resident B08 · 2/1,resident,synthetic,B08,B08-SHOWCASE-F2,B08-SHOWCASE-F2-SCHEDULE-UNIT,"Fictional occupant schedule; not ownership, identity verification or contact data."
fictional-resident-B08-SHOWCASE-F3-SCHEDULE-UNIT,Fictional Resident B08 · 3/1,resident,synthetic,B08,B08-SHOWCASE-F3,B08-SHOWCASE-F3-SCHEDULE-UNIT,"Fictional occupant schedule; not ownership, identity verification or contact data."
fictional-resident-B09-SHOWCASE-F0-SCHEDULE-UNIT,Fictional Resident B09 · 0/1,resident,synthetic,B09,B09-SHOWCASE-F0,B09-SHOWCASE-F0-SCHEDULE-UNIT,"Fictional occupant schedule; not ownership, identity verification or contact data."
fictional-resident-B09-SHOWCASE-F1-SCHEDULE-UNIT,Fictional Resident B09 · 1/1,resident,synthetic,B09,B09-SHOWCASE-F1,B09-SHOWCASE-F1-SCHEDULE-UNIT,"Fictional occupant schedule; not ownership, identity verification or contact data."
fictional-resident-B09-SHOWCASE-F2-SCHEDULE-UNIT,Fictional Resident B09 · 2/1,resident,synthetic,B09,B09-SHOWCASE-F2,B09-SHOWCASE-F2-SCHEDULE-UNIT,"Fictional occupant schedule; not ownership, identity verification or contact data."
fictional-resident-B09-SHOWCASE-F3-SCHEDULE-UNIT,Fictional Resident B09 · 3/1,resident,synthetic,B09,B09-SHOWCASE-F3,B09-SHOWCASE-F3-SCHEDULE-UNIT,"Fictional occupant schedule; not ownership, identity verification or contact data."
fictional-resident-B09-SHOWCASE-F4-SCHEDULE-UNIT,Fictional Resident B09 · 4/1,resident,synthetic,B09,B09-SHOWCASE-F4,B09-SHOWCASE-F4-SCHEDULE-UNIT,"Fictional occupant schedule; not ownership, identity verification or contact data."
fictional-resident-B10-SHOWCASE-F0-SCHEDULE-UNIT,Fictional Resident B10 · 0/1,resident,synthetic,B10,B10-SHOWCASE-F0,B10-SHOWCASE-F0-SCHEDULE-UNIT,"Fictional occupant schedule; not ownership, identity verification or contact data."
fictional-resident-B10-SHOWCASE-F1-SCHEDULE-UNIT,Fictional Resident B10 · 1/1,resident,synthetic,B10,B10-SHOWCASE-F1,B10-SHOWCASE-F1-SCHEDULE-UNIT,"Fictional occupant schedule; not ownership, identity verification or contact data."
fictional-resident-B10-SHOWCASE-F2-SCHEDULE-UNIT,Fictional Resident B10 · 2/1,resident,synthetic,B10,B10-SHOWCASE-F2,B10-SHOWCASE-F2-SCHEDULE-UNIT,"Fictional occupant schedule; not ownership, identity verification or contact data."
fictional-resident-B11-SHOWCASE-F0-SCHEDULE-UNIT,Fictional Resident B11 · 0/1,resident,synthetic,B11,B11-SHOWCASE-F0,B11-SHOWCASE-F0-SCHEDULE-UNIT,"Fictional occupant schedule; not ownership, identity verification or contact data."
fictional-resident-B11-SHOWCASE-F1-SCHEDULE-UNIT,Fictional Resident B11 · 1/1,resident,synthetic,B11,B11-SHOWCASE-F1,B11-SHOWCASE-F1-SCHEDULE-UNIT,"Fictional occupant schedule; not ownership, identity verification or contact data."
fictional-resident-B11-SHOWCASE-F2-SCHEDULE-UNIT,Fictional Resident B11 · 2/1,resident,synthetic,B11,B11-SHOWCASE-F2,B11-SHOWCASE-F2-SCHEDULE-UNIT,"Fictional occupant schedule; not ownership, identity verification or contact data."
fictional-resident-B11-SHOWCASE-F3-SCHEDULE-UNIT,Fictional Resident B11 · 3/1,resident,synthetic,B11,B11-SHOWCASE-F3,B11-SHOWCASE-F3-SCHEDULE-UNIT,"Fictional occupant schedule; not ownership, identity verification or contact data."
fictional-resident-B12-SHOWCASE-F0-SCHEDULE-UNIT,Fictional Resident B12 · 0/1,resident,synthetic,B12,B12-SHOWCASE-F0,B12-SHOWCASE-F0-SCHEDULE-UNIT,"Fictional occupant schedule; not ownership, identity verification or contact data."
fictional-resident-B12-SHOWCASE-F1-SCHEDULE-UNIT,Fictional Resident B12 · 1/1,resident,synthetic,B12,B12-SHOWCASE-F1,B12-SHOWCASE-F1-SCHEDULE-UNIT,"Fictional occupant schedule; not ownership, identity verification or contact data."
fictional-resident-B12-SHOWCASE-F2-SCHEDULE-UNIT,Fictional Resident B12 · 2/1,resident,synthetic,B12,B12-SHOWCASE-F2,B12-SHOWCASE-F2-SCHEDULE-UNIT,"Fictional occupant schedule; not ownership, identity verification or contact data."
fictional-resident-B12-SHOWCASE-F3-SCHEDULE-UNIT,Fictional Resident B12 · 3/1,resident,synthetic,B12,B12-SHOWCASE-F3,B12-SHOWCASE-F3-SCHEDULE-UNIT,"Fictional occupant schedule; not ownership, identity verification or contact data."
fictional-resident-B12-SHOWCASE-F4-SCHEDULE-UNIT,Fictional Resident B12 · 4/1,resident,synthetic,B12,B12-SHOWCASE-F4,B12-SHOWCASE-F4-SCHEDULE-UNIT,"Fictional occupant schedule; not ownership, identity verification or contact data."
fictional-resident-B13-SHOWCASE-F0-SCHEDULE-UNIT,Fictional Resident B13 · 0/1,resident,synthetic,B13,B13-SHOWCASE-F0,B13-SHOWCASE-F0-SCHEDULE-UNIT,"Fictional occupant schedule; not ownership, identity verification or contact data."
fictional-resident-B13-SHOWCASE-F1-SCHEDULE-UNIT,Fictional Resident B13 · 1/1,resident,synthetic,B13,B13-SHOWCASE-F1,B13-SHOWCASE-F1-SCHEDULE-UNIT,"Fictional occupant schedule; not ownership, identity verification or contact data."
fictional-resident-B13-SHOWCASE-F2-SCHEDULE-UNIT,Fictional Resident B13 · 2/1,resident,synthetic,B13,B13-SHOWCASE-F2,B13-SHOWCASE-F2-SCHEDULE-UNIT,"Fictional occupant schedule; not ownership, identity verification or contact data."
fictional-resident-B14-SHOWCASE-F0-SCHEDULE-UNIT,Fictional Resident B14 · 0/1,resident,synthetic,B14,B14-SHOWCASE-F0,B14-SHOWCASE-F0-SCHEDULE-UNIT,"Fictional occupant schedule; not ownership, identity verification or contact data."
fictional-resident-B14-SHOWCASE-F1-SCHEDULE-UNIT,Fictional Resident B14 · 1/1,resident,synthetic,B14,B14-SHOWCASE-F1,B14-SHOWCASE-F1-SCHEDULE-UNIT,"Fictional occupant schedule; not ownership, identity verification or contact data."
fictional-resident-B14-SHOWCASE-F2-SCHEDULE-UNIT,Fictional Resident B14 · 2/1,resident,synthetic,B14,B14-SHOWCASE-F2,B14-SHOWCASE-F2-SCHEDULE-UNIT,"Fictional occupant schedule; not ownership, identity verification or contact data."
fictional-resident-B14-SHOWCASE-F3-SCHEDULE-UNIT,Fictional Resident B14 · 3/1,resident,synthetic,B14,B14-SHOWCASE-F3,B14-SHOWCASE-F3-SCHEDULE-UNIT,"Fictional occupant schedule; not ownership, identity verification or contact data."
fictional-resident-B15-SHOWCASE-F0-SCHEDULE-UNIT,Fictional Resident B15 · 0/1,resident,synthetic,B15,B15-SHOWCASE-F0,B15-SHOWCASE-F0-SCHEDULE-UNIT,"Fictional occupant schedule; not ownership, identity verification or contact data."
fictional-resident-B15-SHOWCASE-F1-SCHEDULE-UNIT,Fictional Resident B15 · 1/1,resident,synthetic,B15,B15-SHOWCASE-F1,B15-SHOWCASE-F1-SCHEDULE-UNIT,"Fictional occupant schedule; not ownership, identity verification or contact data."
fictional-resident-B15-SHOWCASE-F2-SCHEDULE-UNIT,Fictional Resident B15 · 2/1,resident,synthetic,B15,B15-SHOWCASE-F2,B15-SHOWCASE-F2-SCHEDULE-UNIT,"Fictional occupant schedule; not ownership, identity verification or contact data."
fictional-resident-B15-SHOWCASE-F3-SCHEDULE-UNIT,Fictional Resident B15 · 3/1,resident,synthetic,B15,B15-SHOWCASE-F3,B15-SHOWCASE-F3-SCHEDULE-UNIT,"Fictional occupant schedule; not ownership, identity verification or contact data."
fictional-resident-B15-SHOWCASE-F4-SCHEDULE-UNIT,Fictional Resident B15 · 4/1,resident,synthetic,B15,B15-SHOWCASE-F4,B15-SHOWCASE-F4-SCHEDULE-UNIT,"Fictional occupant schedule; not ownership, identity verification or contact data."
fictional-resident-B16-SHOWCASE-F0-SCHEDULE-UNIT,Fictional Resident B16 · 0/1,resident,synthetic,B16,B16-SHOWCASE-F0,B16-SHOWCASE-F0-SCHEDULE-UNIT,"Fictional occupant schedule; not ownership, identity verification or contact data."
fictional-resident-B16-SHOWCASE-F1-SCHEDULE-UNIT,Fictional Resident B16 · 1/1,resident,synthetic,B16,B16-SHOWCASE-F1,B16-SHOWCASE-F1-SCHEDULE-UNIT,"Fictional occupant schedule; not ownership, identity verification or contact data."
fictional-resident-B16-SHOWCASE-F2-SCHEDULE-UNIT,Fictional Resident B16 · 2/1,resident,synthetic,B16,B16-SHOWCASE-F2,B16-SHOWCASE-F2-SCHEDULE-UNIT,"Fictional occupant schedule; not ownership, identity verification or contact data."
fictional-resident-B17-SHOWCASE-F0-SCHEDULE-UNIT,Fictional Resident B17 · 0/1,resident,synthetic,B17,B17-SHOWCASE-F0,B17-SHOWCASE-F0-SCHEDULE-UNIT,"Fictional occupant schedule; not ownership, identity verification or contact data."
fictional-resident-B17-SHOWCASE-F1-SCHEDULE-UNIT,Fictional Resident B17 · 1/1,resident,synthetic,B17,B17-SHOWCASE-F1,B17-SHOWCASE-F1-SCHEDULE-UNIT,"Fictional occupant schedule; not ownership, identity verification or contact data."
fictional-resident-B17-SHOWCASE-F2-SCHEDULE-UNIT,Fictional Resident B17 · 2/1,resident,synthetic,B17,B17-SHOWCASE-F2,B17-SHOWCASE-F2-SCHEDULE-UNIT,"Fictional occupant schedule; not ownership, identity verification or contact data."
fictional-resident-B17-SHOWCASE-F3-SCHEDULE-UNIT,Fictional Resident B17 · 3/1,resident,synthetic,B17,B17-SHOWCASE-F3,B17-SHOWCASE-F3-SCHEDULE-UNIT,"Fictional occupant schedule; not ownership, identity verification or contact data."
fictional-resident-B18-SHOWCASE-F0-SCHEDULE-UNIT,Fictional Resident B18 · 0/1,resident,synthetic,B18,B18-SHOWCASE-F0,B18-SHOWCASE-F0-SCHEDULE-UNIT,"Fictional occupant schedule; not ownership, identity verification or contact data."
fictional-resident-B18-SHOWCASE-F1-SCHEDULE-UNIT,Fictional Resident B18 · 1/1,resident,synthetic,B18,B18-SHOWCASE-F1,B18-SHOWCASE-F1-SCHEDULE-UNIT,"Fictional occupant schedule; not ownership, identity verification or contact data."
fictional-resident-B18-SHOWCASE-F2-SCHEDULE-UNIT,Fictional Resident B18 · 2/1,resident,synthetic,B18,B18-SHOWCASE-F2,B18-SHOWCASE-F2-SCHEDULE-UNIT,"Fictional occupant schedule; not ownership, identity verification or contact data."
fictional-resident-B18-SHOWCASE-F3-SCHEDULE-UNIT,Fictional Resident B18 · 3/1,resident,synthetic,B18,B18-SHOWCASE-F3,B18-SHOWCASE-F3-SCHEDULE-UNIT,"Fictional occupant schedule; not ownership, identity verification or contact data."
fictional-resident-B18-SHOWCASE-F4-SCHEDULE-UNIT,Fictional Resident B18 · 4/1,resident,synthetic,B18,B18-SHOWCASE-F4,B18-SHOWCASE-F4-SCHEDULE-UNIT,"Fictional occupant schedule; not ownership, identity verification or contact data."
fictional-resident-B19-SHOWCASE-F0-SCHEDULE-UNIT,Fictional Resident B19 · 0/1,resident,synthetic,B19,B19-SHOWCASE-F0,B19-SHOWCASE-F0-SCHEDULE-UNIT,"Fictional occupant schedule; not ownership, identity verification or contact data."
fictional-resident-B19-SHOWCASE-F1-SCHEDULE-UNIT,Fictional Resident B19 · 1/1,resident,synthetic,B19,B19-SHOWCASE-F1,B19-SHOWCASE-F1-SCHEDULE-UNIT,"Fictional occupant schedule; not ownership, identity verification or contact data."
fictional-resident-B19-SHOWCASE-F2-SCHEDULE-UNIT,Fictional Resident B19 · 2/1,resident,synthetic,B19,B19-SHOWCASE-F2,B19-SHOWCASE-F2-SCHEDULE-UNIT,"Fictional occupant schedule; not ownership, identity verification or contact data."
fictional-resident-B20-SHOWCASE-F0-SCHEDULE-UNIT,Fictional Resident B20 · 0/1,resident,synthetic,B20,B20-SHOWCASE-F0,B20-SHOWCASE-F0-SCHEDULE-UNIT,"Fictional occupant schedule; not ownership, identity verification or contact data."
fictional-resident-B20-SHOWCASE-F1-SCHEDULE-UNIT,Fictional Resident B20 · 1/1,resident,synthetic,B20,B20-SHOWCASE-F1,B20-SHOWCASE-F1-SCHEDULE-UNIT,"Fictional occupant schedule; not ownership, identity verification or contact data."
fictional-resident-B20-SHOWCASE-F2-SCHEDULE-UNIT,Fictional Resident B20 · 2/1,resident,synthetic,B20,B20-SHOWCASE-F2,B20-SHOWCASE-F2-SCHEDULE-UNIT,"Fictional occupant schedule; not ownership, identity verification or contact data."
fictional-resident-B20-SHOWCASE-F3-SCHEDULE-UNIT,Fictional Resident B20 · 3/1,resident,synthetic,B20,B20-SHOWCASE-F3,B20-SHOWCASE-F3-SCHEDULE-UNIT,"Fictional occupant schedule; not ownership, identity verification or contact data."
fictional-resident-B21-SHOWCASE-F0-SCHEDULE-UNIT,Fictional Resident B21 · 0/1,resident,synthetic,B21,B21-SHOWCASE-F0,B21-SHOWCASE-F0-SCHEDULE-UNIT,"Fictional occupant schedule; not ownership, identity verification or contact data."
fictional-resident-B21-SHOWCASE-F1-SCHEDULE-UNIT,Fictional Resident B21 · 1/1,resident,synthetic,B21,B21-SHOWCASE-F1,B21-SHOWCASE-F1-SCHEDULE-UNIT,"Fictional occupant schedule; not ownership, identity verification or contact data."
fictional-resident-B21-SHOWCASE-F2-SCHEDULE-UNIT,Fictional Resident B21 · 2/1,resident,synthetic,B21,B21-SHOWCASE-F2,B21-SHOWCASE-F2-SCHEDULE-UNIT,"Fictional occupant schedule; not ownership, identity verification or contact data."
fictional-resident-B21-SHOWCASE-F3-SCHEDULE-UNIT,Fictional Resident B21 · 3/1,resident,synthetic,B21,B21-SHOWCASE-F3,B21-SHOWCASE-F3-SCHEDULE-UNIT,"Fictional occupant schedule; not ownership, identity verification or contact data."
fictional-resident-B21-SHOWCASE-F4-SCHEDULE-UNIT,Fictional Resident B21 · 4/1,resident,synthetic,B21,B21-SHOWCASE-F4,B21-SHOWCASE-F4-SCHEDULE-UNIT,"Fictional occupant schedule; not ownership, identity verification or contact data."
fictional-resident-B22-SHOWCASE-F0-SCHEDULE-UNIT,Fictional Resident B22 · 0/1,resident,synthetic,B22,B22-SHOWCASE-F0,B22-SHOWCASE-F0-SCHEDULE-UNIT,"Fictional occupant schedule; not ownership, identity verification or contact data."
fictional-resident-B22-SHOWCASE-F1-SCHEDULE-UNIT,Fictional Resident B22 · 1/1,resident,synthetic,B22,B22-SHOWCASE-F1,B22-SHOWCASE-F1-SCHEDULE-UNIT,"Fictional occupant schedule; not ownership, identity verification or contact data."
fictional-resident-B22-SHOWCASE-F2-SCHEDULE-UNIT,Fictional Resident B22 · 2/1,resident,synthetic,B22,B22-SHOWCASE-F2,B22-SHOWCASE-F2-SCHEDULE-UNIT,"Fictional occupant schedule; not ownership, identity verification or contact data."
fictional-resident-B23-SHOWCASE-F0-SCHEDULE-UNIT,Fictional Resident B23 · 0/1,resident,synthetic,B23,B23-SHOWCASE-F0,B23-SHOWCASE-F0-SCHEDULE-UNIT,"Fictional occupant schedule; not ownership, identity verification or contact data."
fictional-resident-B23-SHOWCASE-F1-SCHEDULE-UNIT,Fictional Resident B23 · 1/1,resident,synthetic,B23,B23-SHOWCASE-F1,B23-SHOWCASE-F1-SCHEDULE-UNIT,"Fictional occupant schedule; not ownership, identity verification or contact data."
fictional-resident-B23-SHOWCASE-F2-SCHEDULE-UNIT,Fictional Resident B23 · 2/1,resident,synthetic,B23,B23-SHOWCASE-F2,B23-SHOWCASE-F2-SCHEDULE-UNIT,"Fictional occupant schedule; not ownership, identity verification or contact data."
fictional-resident-B24-SHOWCASE-F0-SCHEDULE-UNIT,Fictional Resident B24 · 0/1,resident,synthetic,B24,B24-SHOWCASE-F0,B24-SHOWCASE-F0-SCHEDULE-UNIT,"Fictional occupant schedule; not ownership, identity verification or contact data."
fictional-resident-B24-SHOWCASE-F1-SCHEDULE-UNIT,Fictional Resident B24 · 1/1,resident,synthetic,B24,B24-SHOWCASE-F1,B24-SHOWCASE-F1-SCHEDULE-UNIT,"Fictional occupant schedule; not ownership, identity verification or contact data."
fictional-resident-B24-SHOWCASE-F2-SCHEDULE-UNIT,Fictional Resident B24 · 2/1,resident,synthetic,B24,B24-SHOWCASE-F2,B24-SHOWCASE-F2-SCHEDULE-UNIT,"Fictional occupant schedule; not ownership, identity verification or contact data."
fictional-resident-B24-SHOWCASE-F3-SCHEDULE-UNIT,Fictional Resident B24 · 3/1,resident,synthetic,B24,B24-SHOWCASE-F3,B24-SHOWCASE-F3-SCHEDULE-UNIT,"Fictional occupant schedule; not ownership, identity verification or contact data."
fictional-resident-B25-SHOWCASE-F0-SCHEDULE-UNIT,Fictional Resident B25 · 0/1,resident,synthetic,B25,B25-SHOWCASE-F0,B25-SHOWCASE-F0-SCHEDULE-UNIT,"Fictional occupant schedule; not ownership, identity verification or contact data."
fictional-resident-B25-SHOWCASE-F1-SCHEDULE-UNIT,Fictional Resident B25 · 1/1,resident,synthetic,B25,B25-SHOWCASE-F1,B25-SHOWCASE-F1-SCHEDULE-UNIT,"Fictional occupant schedule; not ownership, identity verification or contact data."
fictional-resident-B25-SHOWCASE-F2-SCHEDULE-UNIT,Fictional Resident B25 · 2/1,resident,synthetic,B25,B25-SHOWCASE-F2,B25-SHOWCASE-F2-SCHEDULE-UNIT,"Fictional occupant schedule; not ownership, identity verification or contact data."
fictional-resident-B26-SHOWCASE-F0-SCHEDULE-UNIT,Fictional Resident B26 · 0/1,resident,synthetic,B26,B26-SHOWCASE-F0,B26-SHOWCASE-F0-SCHEDULE-UNIT,"Fictional occupant schedule; not ownership, identity verification or contact data."
fictional-resident-B26-SHOWCASE-F1-SCHEDULE-UNIT,Fictional Resident B26 · 1/1,resident,synthetic,B26,B26-SHOWCASE-F1,B26-SHOWCASE-F1-SCHEDULE-UNIT,"Fictional occupant schedule; not ownership, identity verification or contact data."
fictional-resident-B26-SHOWCASE-F2-SCHEDULE-UNIT,Fictional Resident B26 · 2/1,resident,synthetic,B26,B26-SHOWCASE-F2,B26-SHOWCASE-F2-SCHEDULE-UNIT,"Fictional occupant schedule; not ownership, identity verification or contact data."
fictional-resident-B26-SHOWCASE-F3-SCHEDULE-UNIT,Fictional Resident B26 · 3/1,resident,synthetic,B26,B26-SHOWCASE-F3,B26-SHOWCASE-F3-SCHEDULE-UNIT,"Fictional occupant schedule; not ownership, identity verification or contact data."
fictional-resident-B27-SHOWCASE-F0-SCHEDULE-UNIT,Fictional Resident B27 · 0/1,resident,synthetic,B27,B27-SHOWCASE-F0,B27-SHOWCASE-F0-SCHEDULE-UNIT,"Fictional occupant schedule; not ownership, identity verification or contact data."
fictional-resident-B27-SHOWCASE-F1-SCHEDULE-UNIT,Fictional Resident B27 · 1/1,resident,synthetic,B27,B27-SHOWCASE-F1,B27-SHOWCASE-F1-SCHEDULE-UNIT,"Fictional occupant schedule; not ownership, identity verification or contact data."
fictional-resident-B27-SHOWCASE-F2-SCHEDULE-UNIT,Fictional Resident B27 · 2/1,resident,synthetic,B27,B27-SHOWCASE-F2,B27-SHOWCASE-F2-SCHEDULE-UNIT,"Fictional occupant schedule; not ownership, identity verification or contact data."
fictional-resident-B28-SHOWCASE-F0-SCHEDULE-UNIT,Fictional Resident B28 · 0/1,resident,synthetic,B28,B28-SHOWCASE-F0,B28-SHOWCASE-F0-SCHEDULE-UNIT,"Fictional occupant schedule; not ownership, identity verification or contact data."
fictional-resident-B28-SHOWCASE-F1-SCHEDULE-UNIT,Fictional Resident B28 · 1/1,resident,synthetic,B28,B28-SHOWCASE-F1,B28-SHOWCASE-F1-SCHEDULE-UNIT,"Fictional occupant schedule; not ownership, identity verification or contact data."
fictional-resident-B28-SHOWCASE-F2-SCHEDULE-UNIT,Fictional Resident B28 · 2/1,resident,synthetic,B28,B28-SHOWCASE-F2,B28-SHOWCASE-F2-SCHEDULE-UNIT,"Fictional occupant schedule; not ownership, identity verification or contact data."
fictional-resident-B28-SHOWCASE-F3-SCHEDULE-UNIT,Fictional Resident B28 · 3/1,resident,synthetic,B28,B28-SHOWCASE-F3,B28-SHOWCASE-F3-SCHEDULE-UNIT,"Fictional occupant schedule; not ownership, identity verification or contact data."
fictional-resident-B29-SHOWCASE-F0-SCHEDULE-UNIT,Fictional Resident B29 · 0/1,resident,synthetic,B29,B29-SHOWCASE-F0,B29-SHOWCASE-F0-SCHEDULE-UNIT,"Fictional occupant schedule; not ownership, identity verification or contact data."
fictional-resident-B29-SHOWCASE-F1-SCHEDULE-UNIT,Fictional Resident B29 · 1/1,resident,synthetic,B29,B29-SHOWCASE-F1,B29-SHOWCASE-F1-SCHEDULE-UNIT,"Fictional occupant schedule; not ownership, identity verification or contact data."
fictional-resident-B29-SHOWCASE-F2-SCHEDULE-UNIT,Fictional Resident B29 · 2/1,resident,synthetic,B29,B29-SHOWCASE-F2,B29-SHOWCASE-F2-SCHEDULE-UNIT,"Fictional occupant schedule; not ownership, identity verification or contact data."
fictional-resident-B30-SHOWCASE-F0-SCHEDULE-UNIT,Fictional Resident B30 · 0/1,resident,synthetic,B30,B30-SHOWCASE-F0,B30-SHOWCASE-F0-SCHEDULE-UNIT,"Fictional occupant schedule; not ownership, identity verification or contact data."
fictional-resident-B30-SHOWCASE-F1-SCHEDULE-UNIT,Fictional Resident B30 · 1/1,resident,synthetic,B30,B30-SHOWCASE-F1,B30-SHOWCASE-F1-SCHEDULE-UNIT,"Fictional occupant schedule; not ownership, identity verification or contact data."
fictional-resident-B30-SHOWCASE-F2-SCHEDULE-UNIT,Fictional Resident B30 · 2/1,resident,synthetic,B30,B30-SHOWCASE-F2,B30-SHOWCASE-F2-SCHEDULE-UNIT,"Fictional occupant schedule; not ownership, identity verification or contact data."
fictional-resident-B30-SHOWCASE-F3-SCHEDULE-UNIT,Fictional Resident B30 · 3/1,resident,synthetic,B30,B30-SHOWCASE-F3,B30-SHOWCASE-F3-SCHEDULE-UNIT,"Fictional occupant schedule; not ownership, identity verification or contact data."
fictional-resident-B31-SHOWCASE-F0-SCHEDULE-UNIT,Fictional Resident B31 · 0/1,resident,synthetic,B31,B31-SHOWCASE-F0,B31-SHOWCASE-F0-SCHEDULE-UNIT,"Fictional occupant schedule; not ownership, identity verification or contact data."
fictional-resident-B31-SHOWCASE-F1-SCHEDULE-UNIT,Fictional Resident B31 · 1/1,resident,synthetic,B31,B31-SHOWCASE-F1,B31-SHOWCASE-F1-SCHEDULE-UNIT,"Fictional occupant schedule; not ownership, identity verification or contact data."
fictional-resident-B31-SHOWCASE-F2-SCHEDULE-UNIT,Fictional Resident B31 · 2/1,resident,synthetic,B31,B31-SHOWCASE-F2,B31-SHOWCASE-F2-SCHEDULE-UNIT,"Fictional occupant schedule; not ownership, identity verification or contact data."
fictional-resident-B32-SHOWCASE-F0-SCHEDULE-UNIT,Fictional Resident B32 · 0/1,resident,synthetic,B32,B32-SHOWCASE-F0,B32-SHOWCASE-F0-SCHEDULE-UNIT,"Fictional occupant schedule; not ownership, identity verification or contact data."
fictional-resident-B32-SHOWCASE-F1-SCHEDULE-UNIT,Fictional Resident B32 · 1/1,resident,synthetic,B32,B32-SHOWCASE-F1,B32-SHOWCASE-F1-SCHEDULE-UNIT,"Fictional occupant schedule; not ownership, identity verification or contact data."
fictional-resident-B32-SHOWCASE-F2-SCHEDULE-UNIT,Fictional Resident B32 · 2/1,resident,synthetic,B32,B32-SHOWCASE-F2,B32-SHOWCASE-F2-SCHEDULE-UNIT,"Fictional occupant schedule; not ownership, identity verification or contact data."
fictional-resident-B32-SHOWCASE-F3-SCHEDULE-UNIT,Fictional Resident B32 · 3/1,resident,synthetic,B32,B32-SHOWCASE-F3,B32-SHOWCASE-F3-SCHEDULE-UNIT,"Fictional occupant schedule; not ownership, identity verification or contact data."
fictional-resident-B33-SHOWCASE-F0-SCHEDULE-UNIT,Fictional Resident B33 · 0/1,resident,synthetic,B33,B33-SHOWCASE-F0,B33-SHOWCASE-F0-SCHEDULE-UNIT,"Fictional occupant schedule; not ownership, identity verification or contact data."
fictional-resident-B33-SHOWCASE-F1-SCHEDULE-UNIT,Fictional Resident B33 · 1/1,resident,synthetic,B33,B33-SHOWCASE-F1,B33-SHOWCASE-F1-SCHEDULE-UNIT,"Fictional occupant schedule; not ownership, identity verification or contact data."
fictional-resident-B33-SHOWCASE-F2-SCHEDULE-UNIT,Fictional Resident B33 · 2/1,resident,synthetic,B33,B33-SHOWCASE-F2,B33-SHOWCASE-F2-SCHEDULE-UNIT,"Fictional occupant schedule; not ownership, identity verification or contact data."
fictional-resident-B34-SHOWCASE-F0-SCHEDULE-UNIT,Fictional Resident B34 · 0/1,resident,synthetic,B34,B34-SHOWCASE-F0,B34-SHOWCASE-F0-SCHEDULE-UNIT,"Fictional occupant schedule; not ownership, identity verification or contact data."
fictional-resident-B34-SHOWCASE-F1-SCHEDULE-UNIT,Fictional Resident B34 · 1/1,resident,synthetic,B34,B34-SHOWCASE-F1,B34-SHOWCASE-F1-SCHEDULE-UNIT,"Fictional occupant schedule; not ownership, identity verification or contact data."
fictional-resident-B34-SHOWCASE-F2-SCHEDULE-UNIT,Fictional Resident B34 · 2/1,resident,synthetic,B34,B34-SHOWCASE-F2,B34-SHOWCASE-F2-SCHEDULE-UNIT,"Fictional occupant schedule; not ownership, identity verification or contact data."
fictional-resident-B34-SHOWCASE-F3-SCHEDULE-UNIT,Fictional Resident B34 · 3/1,resident,synthetic,B34,B34-SHOWCASE-F3,B34-SHOWCASE-F3-SCHEDULE-UNIT,"Fictional occupant schedule; not ownership, identity verification or contact data."
fictional-resident-B35-SHOWCASE-F0-SCHEDULE-UNIT,Fictional Resident B35 · 0/1,resident,synthetic,B35,B35-SHOWCASE-F0,B35-SHOWCASE-F0-SCHEDULE-UNIT,"Fictional occupant schedule; not ownership, identity verification or contact data."
fictional-resident-B35-SHOWCASE-F1-SCHEDULE-UNIT,Fictional Resident B35 · 1/1,resident,synthetic,B35,B35-SHOWCASE-F1,B35-SHOWCASE-F1-SCHEDULE-UNIT,"Fictional occupant schedule; not ownership, identity verification or contact data."
fictional-resident-B35-SHOWCASE-F2-SCHEDULE-UNIT,Fictional Resident B35 · 2/1,resident,synthetic,B35,B35-SHOWCASE-F2,B35-SHOWCASE-F2-SCHEDULE-UNIT,"Fictional occupant schedule; not ownership, identity verification or contact data."
fictional-resident-B36-SHOWCASE-F0-SCHEDULE-UNIT,Fictional Resident B36 · 0/1,resident,synthetic,B36,B36-SHOWCASE-F0,B36-SHOWCASE-F0-SCHEDULE-UNIT,"Fictional occupant schedule; not ownership, identity verification or contact data."
fictional-resident-B36-SHOWCASE-F1-SCHEDULE-UNIT,Fictional Resident B36 · 1/1,resident,synthetic,B36,B36-SHOWCASE-F1,B36-SHOWCASE-F1-SCHEDULE-UNIT,"Fictional occupant schedule; not ownership, identity verification or contact data."
fictional-resident-B36-SHOWCASE-F2-SCHEDULE-UNIT,Fictional Resident B36 · 2/1,resident,synthetic,B36,B36-SHOWCASE-F2,B36-SHOWCASE-F2-SCHEDULE-UNIT,"Fictional occupant schedule; not ownership, identity verification or contact data."
fictional-resident-B36-SHOWCASE-F3-SCHEDULE-UNIT,Fictional Resident B36 · 3/1,resident,synthetic,B36,B36-SHOWCASE-F3,B36-SHOWCASE-F3-SCHEDULE-UNIT,"Fictional occupant schedule; not ownership, identity verification or contact data."
fictional-resident-B37-SHOWCASE-F0-SCHEDULE-UNIT,Fictional Resident B37 · 0/1,resident,synthetic,B37,B37-SHOWCASE-F0,B37-SHOWCASE-F0-SCHEDULE-UNIT,"Fictional occupant schedule; not ownership, identity verification or contact data."
fictional-resident-B37-SHOWCASE-F1-SCHEDULE-UNIT,Fictional Resident B37 · 1/1,resident,synthetic,B37,B37-SHOWCASE-F1,B37-SHOWCASE-F1-SCHEDULE-UNIT,"Fictional occupant schedule; not ownership, identity verification or contact data."
fictional-resident-B37-SHOWCASE-F2-SCHEDULE-UNIT,Fictional Resident B37 · 2/1,resident,synthetic,B37,B37-SHOWCASE-F2,B37-SHOWCASE-F2-SCHEDULE-UNIT,"Fictional occupant schedule; not ownership, identity verification or contact data."
fictional-resident-B38-SHOWCASE-F0-SCHEDULE-UNIT,Fictional Resident B38 · 0/1,resident,synthetic,B38,B38-SHOWCASE-F0,B38-SHOWCASE-F0-SCHEDULE-UNIT,"Fictional occupant schedule; not ownership, identity verification or contact data."
fictional-resident-B38-SHOWCASE-F1-SCHEDULE-UNIT,Fictional Resident B38 · 1/1,resident,synthetic,B38,B38-SHOWCASE-F1,B38-SHOWCASE-F1-SCHEDULE-UNIT,"Fictional occupant schedule; not ownership, identity verification or contact data."
fictional-resident-B38-SHOWCASE-F2-SCHEDULE-UNIT,Fictional Resident B38 · 2/1,resident,synthetic,B38,B38-SHOWCASE-F2,B38-SHOWCASE-F2-SCHEDULE-UNIT,"Fictional occupant schedule; not ownership, identity verification or contact data."
fictional-resident-B38-SHOWCASE-F3-SCHEDULE-UNIT,Fictional Resident B38 · 3/1,resident,synthetic,B38,B38-SHOWCASE-F3,B38-SHOWCASE-F3-SCHEDULE-UNIT,"Fictional occupant schedule; not ownership, identity verification or contact data."
fictional-resident-B39-SHOWCASE-F0-SCHEDULE-UNIT,Fictional Resident B39 · 0/1,resident,synthetic,B39,B39-SHOWCASE-F0,B39-SHOWCASE-F0-SCHEDULE-UNIT,"Fictional occupant schedule; not ownership, identity verification or contact data."
fictional-resident-B39-SHOWCASE-F1-SCHEDULE-UNIT,Fictional Resident B39 · 1/1,resident,synthetic,B39,B39-SHOWCASE-F1,B39-SHOWCASE-F1-SCHEDULE-UNIT,"Fictional occupant schedule; not ownership, identity verification or contact data."
fictional-resident-B39-SHOWCASE-F2-SCHEDULE-UNIT,Fictional Resident B39 · 2/1,resident,synthetic,B39,B39-SHOWCASE-F2,B39-SHOWCASE-F2-SCHEDULE-UNIT,"Fictional occupant schedule; not ownership, identity verification or contact data."
fictional-resident-B40-SHOWCASE-F0-SCHEDULE-UNIT,Fictional Resident B40 · 0/1,resident,synthetic,B40,B40-SHOWCASE-F0,B40-SHOWCASE-F0-SCHEDULE-UNIT,"Fictional occupant schedule; not ownership, identity verification or contact data."
fictional-resident-B40-SHOWCASE-F1-SCHEDULE-UNIT,Fictional Resident B40 · 1/1,resident,synthetic,B40,B40-SHOWCASE-F1,B40-SHOWCASE-F1-SCHEDULE-UNIT,"Fictional occupant schedule; not ownership, identity verification or contact data."
fictional-resident-B40-SHOWCASE-F2-SCHEDULE-UNIT,Fictional Resident B40 · 2/1,resident,synthetic,B40,B40-SHOWCASE-F2,B40-SHOWCASE-F2-SCHEDULE-UNIT,"Fictional occupant schedule; not ownership, identity verification or contact data."
fictional-resident-B40-SHOWCASE-F3-SCHEDULE-UNIT,Fictional Resident B40 · 3/1,resident,synthetic,B40,B40-SHOWCASE-F3,B40-SHOWCASE-F3-SCHEDULE-UNIT,"Fictional occupant schedule; not ownership, identity verification or contact data."
fictional-resident-B41-SHOWCASE-F0-SCHEDULE-UNIT,Fictional Resident B41 · 0/1,resident,synthetic,B41,B41-SHOWCASE-F0,B41-SHOWCASE-F0-SCHEDULE-UNIT,"Fictional occupant schedule; not ownership, identity verification or contact data."
fictional-resident-B41-SHOWCASE-F1-SCHEDULE-UNIT,Fictional Resident B41 · 1/1,resident,synthetic,B41,B41-SHOWCASE-F1,B41-SHOWCASE-F1-SCHEDULE-UNIT,"Fictional occupant schedule; not ownership, identity verification or contact data."
fictional-resident-B41-SHOWCASE-F2-SCHEDULE-UNIT,Fictional Resident B41 · 2/1,resident,synthetic,B41,B41-SHOWCASE-F2,B41-SHOWCASE-F2-SCHEDULE-UNIT,"Fictional occupant schedule; not ownership, identity verification or contact data."
fictional-resident-B42-SHOWCASE-F0-SCHEDULE-UNIT,Fictional Resident B42 · 0/1,resident,synthetic,B42,B42-SHOWCASE-F0,B42-SHOWCASE-F0-SCHEDULE-UNIT,"Fictional occupant schedule; not ownership, identity verification or contact data."
fictional-resident-B42-SHOWCASE-F1-SCHEDULE-UNIT,Fictional Resident B42 · 1/1,resident,synthetic,B42,B42-SHOWCASE-F1,B42-SHOWCASE-F1-SCHEDULE-UNIT,"Fictional occupant schedule; not ownership, identity verification or contact data."
fictional-resident-B42-SHOWCASE-F2-SCHEDULE-UNIT,Fictional Resident B42 · 2/1,resident,synthetic,B42,B42-SHOWCASE-F2,B42-SHOWCASE-F2-SCHEDULE-UNIT,"Fictional occupant schedule; not ownership, identity verification or contact data."
fictional-resident-B42-SHOWCASE-F3-SCHEDULE-UNIT,Fictional Resident B42 · 3/1,resident,synthetic,B42,B42-SHOWCASE-F3,B42-SHOWCASE-F3-SCHEDULE-UNIT,"Fictional occupant schedule; not ownership, identity verification or contact data."
fictional-resident-B43-SHOWCASE-F0-SCHEDULE-UNIT,Fictional Resident B43 · 0/1,resident,synthetic,B43,B43-SHOWCASE-F0,B43-SHOWCASE-F0-SCHEDULE-UNIT,"Fictional occupant schedule; not ownership, identity verification or contact data."
fictional-resident-B43-SHOWCASE-F1-SCHEDULE-UNIT,Fictional Resident B43 · 1/1,resident,synthetic,B43,B43-SHOWCASE-F1,B43-SHOWCASE-F1-SCHEDULE-UNIT,"Fictional occupant schedule; not ownership, identity verification or contact data."
fictional-resident-B43-SHOWCASE-F2-SCHEDULE-UNIT,Fictional Resident B43 · 2/1,resident,synthetic,B43,B43-SHOWCASE-F2,B43-SHOWCASE-F2-SCHEDULE-UNIT,"Fictional occupant schedule; not ownership, identity verification or contact data."
fictional-resident-B44-SHOWCASE-F0-SCHEDULE-UNIT,Fictional Resident B44 · 0/1,resident,synthetic,B44,B44-SHOWCASE-F0,B44-SHOWCASE-F0-SCHEDULE-UNIT,"Fictional occupant schedule; not ownership, identity verification or contact data."
fictional-resident-B44-SHOWCASE-F1-SCHEDULE-UNIT,Fictional Resident B44 · 1/1,resident,synthetic,B44,B44-SHOWCASE-F1,B44-SHOWCASE-F1-SCHEDULE-UNIT,"Fictional occupant schedule; not ownership, identity verification or contact data."
fictional-resident-B44-SHOWCASE-F2-SCHEDULE-UNIT,Fictional Resident B44 · 2/1,resident,synthetic,B44,B44-SHOWCASE-F2,B44-SHOWCASE-F2-SCHEDULE-UNIT,"Fictional occupant schedule; not ownership, identity verification or contact data."
fictional-resident-B44-SHOWCASE-F3-SCHEDULE-UNIT,Fictional Resident B44 · 3/1,resident,synthetic,B44,B44-SHOWCASE-F3,B44-SHOWCASE-F3-SCHEDULE-UNIT,"Fictional occupant schedule; not ownership, identity verification or contact data."
fictional-resident-B45-SHOWCASE-F0-SCHEDULE-UNIT,Fictional Resident B45 · 0/1,resident,synthetic,B45,B45-SHOWCASE-F0,B45-SHOWCASE-F0-SCHEDULE-UNIT,"Fictional occupant schedule; not ownership, identity verification or contact data."
fictional-resident-B45-SHOWCASE-F1-SCHEDULE-UNIT,Fictional Resident B45 · 1/1,resident,synthetic,B45,B45-SHOWCASE-F1,B45-SHOWCASE-F1-SCHEDULE-UNIT,"Fictional occupant schedule; not ownership, identity verification or contact data."
fictional-resident-B45-SHOWCASE-F2-SCHEDULE-UNIT,Fictional Resident B45 · 2/1,resident,synthetic,B45,B45-SHOWCASE-F2,B45-SHOWCASE-F2-SCHEDULE-UNIT,"Fictional occupant schedule; not ownership, identity verification or contact data."
fictional-resident-B46-SHOWCASE-F0-SCHEDULE-UNIT,Fictional Resident B46 · 0/1,resident,synthetic,B46,B46-SHOWCASE-F0,B46-SHOWCASE-F0-SCHEDULE-UNIT,"Fictional occupant schedule; not ownership, identity verification or contact data."
fictional-resident-B46-SHOWCASE-F1-SCHEDULE-UNIT,Fictional Resident B46 · 1/1,resident,synthetic,B46,B46-SHOWCASE-F1,B46-SHOWCASE-F1-SCHEDULE-UNIT,"Fictional occupant schedule; not ownership, identity verification or contact data."
fictional-resident-B46-SHOWCASE-F2-SCHEDULE-UNIT,Fictional Resident B46 · 2/1,resident,synthetic,B46,B46-SHOWCASE-F2,B46-SHOWCASE-F2-SCHEDULE-UNIT,"Fictional occupant schedule; not ownership, identity verification or contact data."
fictional-resident-B46-SHOWCASE-F3-SCHEDULE-UNIT,Fictional Resident B46 · 3/1,resident,synthetic,B46,B46-SHOWCASE-F3,B46-SHOWCASE-F3-SCHEDULE-UNIT,"Fictional occupant schedule; not ownership, identity verification or contact data."
fictional-resident-B47-SHOWCASE-F0-SCHEDULE-UNIT,Fictional Resident B47 · 0/1,resident,synthetic,B47,B47-SHOWCASE-F0,B47-SHOWCASE-F0-SCHEDULE-UNIT,"Fictional occupant schedule; not ownership, identity verification or contact data."
fictional-resident-B47-SHOWCASE-F1-SCHEDULE-UNIT,Fictional Resident B47 · 1/1,resident,synthetic,B47,B47-SHOWCASE-F1,B47-SHOWCASE-F1-SCHEDULE-UNIT,"Fictional occupant schedule; not ownership, identity verification or contact data."
fictional-resident-B47-SHOWCASE-F2-SCHEDULE-UNIT,Fictional Resident B47 · 2/1,resident,synthetic,B47,B47-SHOWCASE-F2,B47-SHOWCASE-F2-SCHEDULE-UNIT,"Fictional occupant schedule; not ownership, identity verification or contact data."
fictional-resident-B48-SHOWCASE-F0-SCHEDULE-UNIT,Fictional Resident B48 · 0/1,resident,synthetic,B48,B48-SHOWCASE-F0,B48-SHOWCASE-F0-SCHEDULE-UNIT,"Fictional occupant schedule; not ownership, identity verification or contact data."
fictional-resident-B48-SHOWCASE-F1-SCHEDULE-UNIT,Fictional Resident B48 · 1/1,resident,synthetic,B48,B48-SHOWCASE-F1,B48-SHOWCASE-F1-SCHEDULE-UNIT,"Fictional occupant schedule; not ownership, identity verification or contact data."
fictional-resident-B48-SHOWCASE-F2-SCHEDULE-UNIT,Fictional Resident B48 · 2/1,resident,synthetic,B48,B48-SHOWCASE-F2,B48-SHOWCASE-F2-SCHEDULE-UNIT,"Fictional occupant schedule; not ownership, identity verification or contact data."
fictional-resident-B49-SHOWCASE-F0-SCHEDULE-UNIT,Fictional Resident B49 · 0/1,resident,synthetic,B49,B49-SHOWCASE-F0,B49-SHOWCASE-F0-SCHEDULE-UNIT,"Fictional occupant schedule; not ownership, identity verification or contact data."
fictional-resident-B49-SHOWCASE-F1-SCHEDULE-UNIT,Fictional Resident B49 · 1/1,resident,synthetic,B49,B49-SHOWCASE-F1,B49-SHOWCASE-F1-SCHEDULE-UNIT,"Fictional occupant schedule; not ownership, identity verification or contact data."
fictional-resident-B49-SHOWCASE-F2-SCHEDULE-UNIT,Fictional Resident B49 · 2/1,resident,synthetic,B49,B49-SHOWCASE-F2,B49-SHOWCASE-F2-SCHEDULE-UNIT,"Fictional occupant schedule; not ownership, identity verification or contact data."
fictional-resident-B49-SHOWCASE-F3-SCHEDULE-UNIT,Fictional Resident B49 · 3/1,resident,synthetic,B49,B49-SHOWCASE-F3,B49-SHOWCASE-F3-SCHEDULE-UNIT,"Fictional occupant schedule; not ownership, identity verification or contact data."
